timestamp,kucoin,kucoin-huobi_arb,kucoin-okex_arb
2020-05-23 23:59:00,207.70499999999998,-0.060000000000002274,-0.03000000000002956
2020-05-24 00:00:00,207.70499999999998,-0.060000000000002274,-0.03000000000002956
2020-05-24 00:01:00,207.725,-0.020000000000010232,-0.020000000000010232
2020-05-24 00:02:00,207.755,-0.060000000000002274,-0.040000000000020464
2020-05-24 00:03:00,208.015,-0.03000000000002956,0.0
2020-05-24 00:04:00,208.085,-0.020000000000010232,-0.009999999999990905
2020-05-24 00:05:00,208.345,-0.020000000000010232,-0.020000000000010232
2020-05-24 00:06:00,208.39499999999998,-0.040000000000020464,-0.010000000000019327
2020-05-24 00:07:00,208.125,-0.01999999999998181,-0.01999999999998181
2020-05-24 00:08:00,208.115,-0.024999999999977263,-0.029999999999972715
2020-05-24 00:09:00,207.865,-0.014999999999986358,-0.009999999999990905
2020-05-24 00:10:00,207.85500000000002,0.0,-0.01999999999998181
2020-05-24 00:11:00,207.625,0.0,0.0
2020-05-24 00:12:00,207.375,0.030000000000001137,0.01999999999998181
2020-05-24 00:13:00,207.04500000000002,-0.009999999999990905,0.010000000000019327
2020-05-24 00:14:00,206.625,0.01999999999998181,0.0
2020-05-24 00:15:00,206.575,0.03999999999999204,0.0
2020-05-24 00:16:00,206.43,0.0049999999999954525,-0.0049999999999954525
2020-05-24 00:17:00,206.675,-0.009999999999990905,0.0
2020-05-24 00:18:00,206.665,0.020000000000010232,0.009999999999990905
2020-05-24 00:19:00,206.275,-0.030000000000001137,-0.03999999999999204
2020-05-24 00:20:00,206.255,0.009999999999990905,0.01999999999998181
2020-05-24 00:21:00,206.385,0.01999999999998181,0.01999999999998181
2020-05-24 00:22:00,206.505,-0.020000000000010232,0.009999999999990905
2020-05-24 00:23:00,206.685,-0.01999999999998181,0.040000000000020464
2020-05-24 00:24:00,206.575,0.0,0.009999999999990905
2020-05-24 00:25:00,206.505,-0.020000000000010232,-0.020000000000010232
2020-05-24 00:26:00,206.365,0.030000000000001137,0.030000000000001137
2020-05-24 00:27:00,206.29500000000002,-0.009999999999990905,0.0
2020-05-24 00:28:00,206.075,0.029999999999972715,0.029999999999972715
2020-05-24 00:29:00,206.135,0.024999999999977263,0.03999999999999204
2020-05-24 00:30:00,205.905,-0.0049999999999954525,0.025000000000005684
2020-05-24 00:31:00,206.29500000000002,0.01500000000001478,0.040000000000020464
2020-05-24 00:32:00,206.175,-0.009999999999990905,0.020000000000010232
2020-05-24 00:33:00,206.055,-0.01999999999998181,-0.009999999999990905
2020-05-24 00:34:00,205.925,-0.029999999999972715,0.03000000000002956
2020-05-24 00:35:00,206.325,-0.040000000000020464,-0.020000000000010232
2020-05-24 00:36:00,206.475,-2.842170943040401e-14,0.009999999999990905
2020-05-24 00:37:00,206.45499999999998,0.024999999999977263,0.029999999999972715
2020-05-24 00:38:00,206.315,0.009999999999990905,0.030000000000001137
2020-05-24 00:39:00,206.39499999999998,0.0,0.009999999999990905
2020-05-24 00:40:00,206.305,0.03000000000002956,0.060000000000002274
2020-05-24 00:41:00,206.285,-0.010000000000019327,0.030000000000001137
2020-05-24 00:42:00,206.445,-0.030000000000001137,-0.020000000000010232
2020-05-24 00:43:00,206.445,-0.030000000000001137,0.01999999999998181
2020-05-24 00:44:00,206.14499999999998,-0.040000000000020464,0.009999999999990905
2020-05-24 00:45:00,206.065,0.0,0.03999999999999204
2020-05-24 00:46:00,206.125,0.0,0.009999999999990905
2020-05-24 00:47:00,206.225,-0.025000000000005684,0.009999999999990905
2020-05-24 00:48:00,206.445,0.014999999999986358,0.05000000000001137
2020-05-24 00:49:00,206.485,-0.03999999999999204,0.010000000000019327
2020-05-24 00:50:00,206.485,-0.03999999999999204,0.0
2020-05-24 00:51:00,206.685,-0.06999999999999318,-0.01999999999998181
2020-05-24 00:52:00,206.575,-0.03000000000002956,0.0
2020-05-24 00:53:00,206.60500000000002,-0.03999999999996362,-0.01999999999998181
2020-05-24 00:54:00,206.625,0.009999999999990905,0.01999999999998181
2020-05-24 00:55:00,206.575,0.024999999999977263,0.03499999999996817
2020-05-24 00:56:00,206.555,0.03000000000002956,0.020000000000010232
2020-05-24 00:57:00,206.535,0.009999999999990905,0.030000000000001137
2020-05-24 00:58:00,206.535,-0.03999999999999204,0.0
2020-05-24 00:59:00,206.655,-0.030000000000001137,-0.009999999999990905
2020-05-24 01:00:00,206.615,0.009999999999990905,0.040000000000020464
2020-05-24 01:01:00,206.66,-0.025000000000005684,-0.0049999999999954525
2020-05-24 01:02:00,206.685,-0.01999999999998181,-0.009999999999990905
2020-05-24 01:03:00,207.075,-0.010000000000019327,0.0
2020-05-24 01:04:00,207.155,-0.020000000000010232,0.010000000000019327
2020-05-24 01:05:00,207.195,0.0049999999999954525,0.0
2020-05-24 01:06:00,207.195,0.0,0.01999999999998181
2020-05-24 01:07:00,207.305,-0.014999999999986358,0.020000000000010232
2020-05-24 01:08:00,207.375,-0.07999999999998408,-0.01999999999998181
2020-05-24 01:09:00,207.415,-0.030000000000001137,0.0
2020-05-24 01:10:00,207.225,-0.03499999999999659,-0.010000000000019327
2020-05-24 01:11:00,207.155,-0.025000000000005684,0.0
2020-05-24 01:12:00,207.085,0.010000000000019327,0.020000000000010232
2020-05-24 01:13:00,207.10500000000002,-0.03999999999996362,-0.01999999999998181
2020-05-24 01:14:00,207.125,-0.030000000000001137,-0.030000000000001137
2020-05-24 01:15:00,207.125,-0.030000000000001137,-0.01999999999998181
2020-05-24 01:16:00,207.255,-0.040000000000020464,-0.020000000000010232
2020-05-24 01:17:00,207.245,-0.014999999999986358,-0.009999999999990905
2020-05-24 01:18:00,207.365,-0.014999999999986358,-0.009999999999990905
2020-05-24 01:19:00,207.245,0.0,0.0
2020-05-24 01:20:00,207.185,-0.029999999999972715,-0.01999999999998181
2020-05-24 01:21:00,207.085,0.030000000000001137,0.020000000000010232
2020-05-24 01:22:00,206.805,-0.03999999999999204,-0.03999999999999204
2020-05-24 01:23:00,206.685,0.03500000000002501,0.020000000000010232
2020-05-24 01:24:00,206.655,-0.03999999999999204,-0.030000000000001137
2020-05-24 01:25:00,206.785,0.0049999999999954525,0.009999999999990905
2020-05-24 01:26:00,206.665,0.0,0.0
2020-05-24 01:27:00,206.595,-0.005000000000023874,0.0
2020-05-24 01:28:00,206.525,-0.010000000000019327,-0.009999999999990905
2020-05-24 01:29:00,206.45499999999998,0.01999999999998181,0.029999999999972715
2020-05-24 01:30:00,206.405,0.0,0.030000000000001137
2020-05-24 01:31:00,206.515,-0.05000000000001137,-0.010000000000019327
2020-05-24 01:32:00,206.765,-0.03000000000002956,-0.060000000000002274
2020-05-24 01:33:00,206.845,-0.025000000000005684,-0.010000000000019327
2020-05-24 01:34:00,206.775,-0.025000000000005684,0.0
2020-05-24 01:35:00,206.845,0.0049999999999954525,-0.010000000000019327
2020-05-24 01:36:00,206.775,-0.009999999999990905,0.0
2020-05-24 01:37:00,206.565,-0.045000000000015916,-0.009999999999990905
2020-05-24 01:38:00,206.675,0.0049999999999954525,0.0
2020-05-24 01:39:00,206.825,-0.05000000000001137,-0.020000000000010232
2020-05-24 01:40:00,206.835,-0.030000000000001137,-0.030000000000001137
2020-05-24 01:41:00,206.875,-0.03999999999999204,-0.01999999999998181
2020-05-24 01:42:00,206.95499999999998,-0.03000000000002956,-0.03000000000002956
2020-05-24 01:43:00,206.85500000000002,-0.03999999999996362,-0.01999999999998181
2020-05-24 01:44:00,206.975,-0.020000000000010232,-0.020000000000010232
2020-05-24 01:45:00,206.825,-0.0049999999999954525,0.009999999999990905
2020-05-24 01:46:00,206.995,-0.07999999999998408,-0.06999999999999318
2020-05-24 01:47:00,207.04500000000002,-0.04999999999998295,-0.03999999999999204
2020-05-24 01:48:00,207.025,-0.025000000000005684,-0.03999999999999204
2020-05-24 01:49:00,206.915,-0.005000000000023874,-0.030000000000001137
2020-05-24 01:50:00,206.965,0.010000000000019327,-0.009999999999990905
2020-05-24 01:51:00,206.995,0.0049999999999954525,0.0
2020-05-24 01:52:00,206.985,-0.014999999999986358,-0.009999999999990905
2020-05-24 01:53:00,207.20499999999998,0.009999999999990905,-0.010000000000019327
2020-05-24 01:54:00,207.04500000000002,0.010000000000019327,0.0
2020-05-24 01:55:00,207.125,0.029999999999972715,0.01999999999998181
2020-05-24 01:56:00,207.025,0.01500000000001478,0.0
2020-05-24 01:57:00,207.04500000000002,-0.009999999999990905,-0.0049999999999954525
2020-05-24 01:58:00,207.015,0.014999999999986358,0.01999999999998181
2020-05-24 01:59:00,207.10500000000002,-0.03999999999996362,-0.03999999999996362
2020-05-24 02:00:00,207.155,-0.030000000000001137,-0.04999999999998295
2020-05-24 02:01:00,207.14499999999998,0.009999999999990905,0.0
2020-05-24 02:02:00,207.35500000000002,-0.009999999999990905,-0.009999999999990905
2020-05-24 02:03:00,207.485,-0.009999999999990905,-0.04999999999998295
2020-05-24 02:04:00,207.375,-0.009999999999990905,0.009999999999990905
2020-05-24 02:05:00,207.435,-0.030000000000001137,-0.01999999999998181
2020-05-24 02:06:00,207.475,-0.020000000000010232,-0.010000000000019327
2020-05-24 02:07:00,207.485,-0.044999999999987494,-0.03999999999999204
2020-05-24 02:08:00,207.685,0.014999999999986358,0.009999999999990905
2020-05-24 02:09:00,207.625,-0.060000000000002274,-0.03999999999999204
2020-05-24 02:10:00,207.64499999999998,-0.020000000000010232,-0.020000000000010232
2020-05-24 02:11:00,207.60500000000002,0.0,0.010000000000019327
2020-05-24 02:12:00,207.425,-0.01999999999998181,-0.029999999999972715
2020-05-24 02:13:00,206.845,0.009999999999990905,0.020000000000010232
2020-05-24 02:14:00,206.995,-0.0049999999999954525,-0.009999999999990905
2020-05-24 02:15:00,206.775,0.010000000000019327,0.010000000000019327
2020-05-24 02:16:00,206.60500000000002,0.0,-0.009999999999990905
2020-05-24 02:17:00,206.615,-0.0049999999999954525,0.009999999999990905
2020-05-24 02:18:00,206.785,-0.03499999999999659,0.0
2020-05-24 02:19:00,206.64499999999998,-0.020000000000038654,-0.010000000000019327
2020-05-24 02:20:00,206.745,0.0,0.0
2020-05-24 02:21:00,206.835,-0.03499999999999659,0.0
2020-05-24 02:22:00,206.925,0.010000000000019327,0.03000000000002956
2020-05-24 02:23:00,206.915,-0.05000000000001137,-0.010000000000019327
2020-05-24 02:24:00,206.695,-0.030000000000001137,-0.01999999999998181
2020-05-24 02:25:00,206.685,-0.040000000000020464,-0.030000000000001137
2020-05-24 02:26:00,206.715,-0.020000000000010232,0.020000000000010232
2020-05-24 02:27:00,206.635,-0.030000000000001137,-0.020000000000010232
2020-05-24 02:28:00,206.715,-0.060000000000002274,-0.030000000000001137
2020-05-24 02:29:00,206.735,-0.04999999999998295,-0.04999999999998295
2020-05-24 02:30:00,206.625,0.0,0.009999999999990905
2020-05-24 02:31:00,206.505,-0.009999999999990905,-0.009999999999990905
2020-05-24 02:32:00,206.45499999999998,-0.03000000000002956,-0.03000000000002956
2020-05-24 02:33:00,206.475,-0.05000000000001137,-0.060000000000002274
2020-05-24 02:34:00,206.78,-0.030000000000001137,-0.03499999999999659
2020-05-24 02:35:00,206.85500000000002,-0.03999999999996362,-0.01999999999998181
2020-05-24 02:36:00,206.835,-0.05999999999997385,-0.030000000000001137
2020-05-24 02:37:00,206.835,-0.0549999999999784,-0.03999999999999204
2020-05-24 02:38:00,206.905,-0.04999999999998295,-0.04999999999998295
2020-05-24 02:39:00,206.925,-0.06999999999999318,-0.060000000000002274
2020-05-24 02:40:00,206.915,-0.0700000000000216,-0.03999999999999204
2020-05-24 02:41:00,206.915,-0.020000000000010232,-0.010000000000019327
2020-05-24 02:42:00,206.865,-0.01999999999998181,0.0
2020-05-24 02:43:00,206.935,0.0,-0.009999999999990905
2020-05-24 02:44:00,206.95499999999998,-0.020000000000010232,0.0
2020-05-24 02:45:00,206.735,-0.04999999999998295,-0.009999999999990905
2020-05-24 02:46:00,206.745,-0.045000000000015916,-0.009999999999990905
2020-05-24 02:47:00,206.615,0.0,0.009999999999990905
2020-05-24 02:48:00,206.595,-0.010000000000019327,0.020000000000010232
2020-05-24 02:49:00,206.595,0.030000000000001137,0.009999999999990905
2020-05-24 02:50:00,206.585,-0.01500000000001478,0.0
2020-05-24 02:51:00,206.725,-0.03999999999999204,0.009999999999990905
2020-05-24 02:52:00,206.765,-0.045000000000015916,-0.03000000000002956
2020-05-24 02:53:00,206.885,-0.01999999999998181,-0.009999999999990905
2020-05-24 02:54:00,206.845,-0.005000000000023874,0.0
2020-05-24 02:55:00,206.735,0.0,0.0
2020-05-24 02:56:00,206.64499999999998,-0.020000000000010232,0.01999999999998181
2020-05-24 02:57:00,206.79500000000002,-0.01999999999998181,0.010000000000019327
2020-05-24 02:58:00,206.64499999999998,-0.010000000000019327,0.009999999999990905
2020-05-24 02:59:00,206.655,-0.009999999999990905,0.020000000000010232
2020-05-24 03:00:00,206.745,-0.024999999999977263,0.009999999999990905
2020-05-24 03:01:00,206.785,0.020000000000010232,0.030000000000001137
2020-05-24 03:02:00,206.695,-0.009999999999990905,0.009999999999990905
2020-05-24 03:03:00,206.465,0.030000000000001137,0.030000000000001137
2020-05-24 03:04:00,206.215,0.010000000000019327,0.0
2020-05-24 03:05:00,205.985,-0.0049999999999954525,-0.009999999999990905
2020-05-24 03:06:00,206.175,0.0049999999999954525,0.03000000000002956
2020-05-24 03:07:00,206.115,0.020000000000010232,0.0
2020-05-24 03:08:00,206.085,0.010000000000019327,0.03999999999999204
2020-05-24 03:09:00,206.225,-0.020000000000010232,0.0
2020-05-24 03:10:00,206.065,0.014999999999986358,0.030000000000001137
2020-05-24 03:11:00,206.245,-0.01999999999998181,0.030000000000001137
2020-05-24 03:12:00,206.255,-0.040000000000020464,0.01999999999998181
2020-05-24 03:13:00,206.425,-0.009999999999990905,0.020000000000010232
2020-05-24 03:14:00,206.985,-0.03999999999999204,-0.029999999999972715
2020-05-24 03:15:00,207.10500000000002,-0.009999999999990905,0.020000000000010232
2020-05-24 03:16:00,207.29500000000002,-0.009999999999990905,-0.009999999999990905
2020-05-24 03:17:00,207.235,0.020000000000010232,0.010000000000019327
2020-05-24 03:18:00,207.165,-0.005000000000023874,0.009999999999990905
2020-05-24 03:19:00,207.125,-0.014999999999986358,0.0
2020-05-24 03:20:00,207.115,-0.0049999999999954525,-0.009999999999990905
2020-05-24 03:21:00,207.065,0.024999999999977263,0.0
2020-05-24 03:22:00,207.215,0.03499999999999659,0.020000000000010232
2020-05-24 03:23:00,207.255,-0.025000000000005684,-0.020000000000010232
2020-05-24 03:24:00,207.385,0.009999999999990905,0.01999999999998181
2020-05-24 03:25:00,207.195,0.0,0.01999999999998181
2020-05-24 03:26:00,207.20499999999998,-0.03000000000002956,-0.010000000000019327
2020-05-24 03:27:00,207.245,-0.0049999999999954525,-0.009999999999990905
2020-05-24 03:28:00,207.175,-0.01999999999998181,0.0
2020-05-24 03:29:00,207.265,-0.060000000000002274,-0.040000000000020464
2020-05-24 03:30:00,207.265,-0.010000000000019327,0.0
2020-05-24 03:31:00,207.225,-0.03499999999999659,-0.020000000000010232
2020-05-24 03:32:00,207.185,0.0049999999999954525,0.009999999999990905
2020-05-24 03:33:00,207.155,2.842170943040401e-14,0.0
2020-05-24 03:34:00,207.255,-0.009999999999990905,-0.009999999999990905
2020-05-24 03:35:00,207.085,0.030000000000001137,0.03999999999999204
2020-05-24 03:36:00,206.945,0.024999999999977263,0.030000000000001137
2020-05-24 03:37:00,207.065,-0.009999999999990905,-0.009999999999990905
2020-05-24 03:38:00,207.005,-0.0049999999999954525,0.030000000000001137
2020-05-24 03:39:00,207.055,0.014999999999986358,0.030000000000001137
2020-05-24 03:40:00,207.215,-0.030000000000001137,-0.03999999999999204
2020-05-24 03:41:00,207.275,-0.03999999999999204,-0.009999999999990905
2020-05-24 03:42:00,207.275,-0.0049999999999954525,0.0
2020-05-24 03:43:00,207.325,-0.020000000000010232,-0.020000000000010232
2020-05-24 03:44:00,207.275,-0.009999999999990905,0.0
2020-05-24 03:45:00,207.265,-0.020000000000010232,0.009999999999990905
2020-05-24 03:46:00,207.175,-0.029999999999972715,0.0
2020-05-24 03:47:00,207.245,-0.01999999999998181,0.009999999999990905
2020-05-24 03:48:00,207.255,-0.045000000000015916,-0.030000000000001137
2020-05-24 03:49:00,207.225,-0.010000000000019327,0.009999999999990905
2020-05-24 03:50:00,207.235,0.020000000000010232,0.020000000000010232
2020-05-24 03:51:00,207.365,0.0049999999999954525,0.009999999999990905
2020-05-24 03:52:00,207.185,0.009999999999990905,0.040000000000020464
2020-05-24 03:53:00,207.185,0.009999999999990905,0.030000000000001137
2020-05-24 03:54:00,207.245,0.0,0.030000000000001137
2020-05-24 03:55:00,207.245,0.0,0.030000000000001137
2020-05-24 03:56:00,207.215,-0.009999999999990905,0.020000000000010232
2020-05-24 03:57:00,207.245,-0.014999999999986358,0.009999999999990905
2020-05-24 03:58:00,207.185,0.03500000000002501,0.05000000000001137
2020-05-24 03:59:00,207.175,0.010000000000019327,-0.009999999999990905
2020-05-24 04:00:00,207.165,0.030000000000001137,0.03999999999999204
2020-05-24 04:01:00,207.115,0.0,0.0
2020-05-24 04:02:00,207.255,-0.009999999999990905,0.0
2020-05-24 04:03:00,207.535,-0.03999999999999204,-0.020000000000010232
2020-05-24 04:04:00,207.525,0.0,0.010000000000019327
2020-05-24 04:05:00,207.485,-0.009999999999990905,0.0
2020-05-24 04:06:00,207.115,-0.009999999999990905,0.0
2020-05-24 04:07:00,207.215,0.020000000000010232,0.020000000000010232
2020-05-24 04:08:00,207.20499999999998,-0.010000000000019327,0.0
2020-05-24 04:09:00,207.095,0.025000000000005684,0.020000000000010232
2020-05-24 04:10:00,207.095,0.044999999999987494,0.04999999999998295
2020-05-24 04:11:00,207.005,0.009999999999990905,0.01999999999998181
2020-05-24 04:12:00,207.065,0.009999999999990905,0.01999999999998181
2020-05-24 04:13:00,207.095,-2.842170943040401e-14,0.009999999999990905
2020-05-24 04:14:00,207.165,0.009999999999990905,0.0
2020-05-24 04:15:00,207.35500000000002,0.0,0.010000000000019327
2020-05-24 04:16:00,207.315,0.0,0.0
2020-05-24 04:17:00,207.445,-0.020000000000010232,-0.009999999999990905
2020-05-24 04:18:00,207.425,-0.0049999999999954525,0.0
2020-05-24 04:19:00,207.425,-0.044999999999987494,-0.029999999999972715
2020-05-24 04:20:00,207.435,-0.060000000000002274,-0.030000000000001137
2020-05-24 04:21:00,207.435,-0.060000000000002274,-0.030000000000001137
2020-05-24 04:22:00,207.45499999999998,-0.045000000000015916,-0.010000000000019327
2020-05-24 04:23:00,207.655,-0.03499999999999659,-0.009999999999990905
2020-05-24 04:24:00,207.625,0.029999999999972715,0.03999999999999204
2020-05-24 04:25:00,207.585,-0.020000000000010232,-0.009999999999990905
2020-05-24 04:26:00,207.595,-0.04999999999998295,-0.020000000000010232
2020-05-24 04:27:00,207.685,-0.03999999999999204,-0.030000000000001137
2020-05-24 04:28:00,207.635,-0.030000000000001137,-0.040000000000020464
2020-05-24 04:29:00,207.695,-0.030000000000001137,-0.040000000000020464
2020-05-24 04:30:00,207.615,-0.05500000000000682,-0.04999999999998295
2020-05-24 04:31:00,207.685,-0.03999999999999204,-0.060000000000002274
2020-05-24 04:32:00,207.815,-0.060000000000002274,-0.060000000000002274
2020-05-24 04:33:00,207.905,-0.06499999999999773,-0.06999999999999318
2020-05-24 04:34:00,207.825,-0.040000000000020464,-0.020000000000010232
2020-05-24 04:35:00,208.025,-0.03999999999999204,-0.04999999999998295
2020-05-24 04:36:00,208.025,-0.03999999999999204,-0.03999999999999204
2020-05-24 04:37:00,208.075,-0.05000000000001137,-0.03000000000002956
2020-05-24 04:38:00,208.005,-0.03000000000002956,-0.030000000000001137
2020-05-24 04:39:00,208.025,-0.03499999999999659,-0.030000000000001137
2020-05-24 04:40:00,207.965,-0.04999999999998295,-0.060000000000002274
2020-05-24 04:41:00,207.905,-0.09000000000000341,-0.09000000000000341
2020-05-24 04:42:00,207.995,-0.05000000000001137,-0.03999999999999204
2020-05-24 04:43:00,207.965,-0.06999999999999318,-0.060000000000002274
2020-05-24 04:44:00,208.07,-0.08499999999997954,-0.09499999999999886
2020-05-24 04:45:00,207.945,-0.06499999999999773,-0.05000000000001137
2020-05-24 04:46:00,208.085,-0.0800000000000125,-0.06999999999999318
2020-05-24 04:47:00,208.195,-0.09000000000000341,-0.0800000000000125
2020-05-24 04:48:00,208.085,-0.04999999999998295,-0.020000000000010232
2020-05-24 04:49:00,207.975,-0.05500000000000682,-0.060000000000002274
2020-05-24 04:50:00,207.91,-0.025000000000005684,-0.03499999999999659
2020-05-24 04:51:00,207.875,-0.05000000000001137,-0.03999999999999204
2020-05-24 04:52:00,208.035,-0.060000000000002274,-0.03999999999999204
2020-05-24 04:53:00,208.035,-0.09000000000000341,-0.030000000000001137
2020-05-24 04:54:00,208.025,-0.04999999999998295,-0.020000000000010232
2020-05-24 04:55:00,207.95499999999998,-0.07500000000001705,-0.05000000000001137
2020-05-24 04:56:00,207.965,-0.04999999999998295,-0.060000000000002274
2020-05-24 04:57:00,207.925,-0.03999999999999204,-0.03999999999999204
2020-05-24 04:58:00,207.905,-0.044999999999987494,-0.04999999999998295
2020-05-24 04:59:00,207.785,-0.010000000000019327,-0.03999999999999204
2020-05-24 05:00:00,207.815,-0.0049999999999954525,-0.030000000000001137
2020-05-24 05:01:00,207.915,-0.030000000000001137,-0.020000000000010232
2020-05-24 05:02:00,207.965,-0.06999999999999318,-0.03999999999999204
2020-05-24 05:03:00,207.925,-0.03999999999999204,0.0
2020-05-24 05:04:00,207.965,0.0,0.0
2020-05-24 05:05:00,207.95499999999998,0.009999999999990905,-0.010000000000019327
2020-05-24 05:06:00,207.835,0.03999999999999204,0.030000000000001137
2020-05-24 05:07:00,207.655,-0.025000000000005684,0.0
2020-05-24 05:08:00,207.575,0.009999999999990905,-0.020000000000010232
2020-05-24 05:09:00,207.54500000000002,0.040000000000020464,0.03000000000002956
2020-05-24 05:10:00,207.615,-0.029999999999972715,-0.03999999999999204
2020-05-24 05:11:00,207.54500000000002,-0.009999999999990905,-0.029999999999972715
2020-05-24 05:12:00,207.54500000000002,-0.01999999999998181,-0.01999999999998181
2020-05-24 05:13:00,207.535,-0.060000000000002274,-0.05000000000001137
2020-05-24 05:14:00,207.565,-0.020000000000010232,-0.030000000000001137
2020-05-24 05:15:00,207.565,-0.009999999999990905,-0.020000000000010232
2020-05-24 05:16:00,207.565,-0.030000000000001137,-0.020000000000010232
2020-05-24 05:17:00,207.715,-0.04999999999998295,-0.030000000000001137
2020-05-24 05:18:00,207.735,-0.08999999999997499,-0.01999999999998181
2020-05-24 05:19:00,207.79500000000002,-0.03499999999996817,0.0
2020-05-24 05:20:00,207.835,-0.05999999999997385,-0.07999999999998408
2020-05-24 05:21:00,207.95499999999998,-0.040000000000020464,-0.040000000000020464
2020-05-24 05:22:00,207.875,-0.030000000000001137,-0.03999999999999204
2020-05-24 05:23:00,207.875,-0.03999999999999204,-0.030000000000001137
2020-05-24 05:24:00,207.89499999999998,-0.05000000000001137,-0.03000000000002956
2020-05-24 05:25:00,207.785,-0.020000000000010232,-0.010000000000019327
2020-05-24 05:26:00,207.785,-0.030000000000001137,-0.010000000000019327
2020-05-24 05:27:00,207.825,-0.010000000000019327,-0.010000000000019327
2020-05-24 05:28:00,207.775,-0.01500000000001478,-0.009999999999990905
2020-05-24 05:29:00,207.715,-0.020000000000010232,-0.009999999999990905
2020-05-24 05:30:00,207.775,-0.03499999999999659,-0.030000000000001137
2020-05-24 05:31:00,207.775,-0.030000000000001137,-0.020000000000010232
2020-05-24 05:32:00,207.835,-0.05999999999997385,-0.04999999999998295
2020-05-24 05:33:00,207.85500000000002,-0.029999999999972715,0.0
2020-05-24 05:34:00,207.875,-0.05000000000001137,-0.009999999999990905
2020-05-24 05:35:00,207.85500000000002,-0.03499999999996817,-0.01999999999998181
2020-05-24 05:36:00,207.845,-0.04999999999998295,-0.020000000000010232
2020-05-24 05:37:00,207.85500000000002,-0.08999999999997499,-0.06999999999999318
2020-05-24 05:38:00,207.925,-0.03999999999999204,0.0
2020-05-24 05:39:00,207.885,0.0049999999999954525,0.009999999999990905
2020-05-24 05:40:00,207.755,0.03999999999999204,0.0
2020-05-24 05:41:00,207.715,0.030000000000001137,-0.009999999999990905
2020-05-24 05:42:00,207.725,-0.03999999999999204,-0.020000000000010232
2020-05-24 05:43:00,207.785,-0.03999999999999204,-0.030000000000001137
2020-05-24 05:44:00,207.815,-0.060000000000002274,-0.040000000000020464
2020-05-24 05:45:00,207.845,-0.01500000000001478,-0.010000000000019327
2020-05-24 05:46:00,207.85500000000002,-0.01999999999998181,0.0
2020-05-24 05:47:00,207.865,0.030000000000001137,0.009999999999990905
2020-05-24 05:48:00,207.95499999999998,0.009999999999990905,0.009999999999990905
2020-05-24 05:49:00,207.945,0.024999999999977263,0.009999999999990905
2020-05-24 05:50:00,207.985,0.0049999999999954525,-0.009999999999990905
2020-05-24 05:51:00,207.995,-0.05000000000001137,-0.030000000000001137
2020-05-24 05:52:00,207.95499999999998,0.009999999999990905,-0.010000000000019327
2020-05-24 05:53:00,207.935,-0.009999999999990905,-0.01999999999998181
2020-05-24 05:54:00,207.89499999999998,0.03999999999996362,0.009999999999990905
2020-05-24 05:55:00,207.915,-0.03999999999999204,-0.03999999999999204
2020-05-24 05:56:00,207.925,-0.0049999999999954525,-0.01999999999998181
2020-05-24 05:57:00,207.95,-0.03500000000002501,-0.05500000000000682
2020-05-24 05:58:00,207.935,-0.03999999999999204,-0.060000000000002274
2020-05-24 05:59:00,207.965,-0.030000000000001137,-0.060000000000002274
2020-05-24 06:00:00,207.965,-0.04999999999998295,-0.060000000000002274
2020-05-24 06:01:00,208.075,-0.040000000000020464,-0.040000000000020464
2020-05-24 06:02:00,208.065,-0.040000000000020464,-0.05000000000001137
2020-05-24 06:03:00,207.965,-0.009999999999990905,-0.030000000000001137
2020-05-24 06:04:00,207.975,-0.03999999999999204,-0.060000000000002274
2020-05-24 06:05:00,207.95499999999998,0.0,-0.020000000000010232
2020-05-24 06:06:00,207.985,-0.05500000000000682,-0.04999999999998295
2020-05-24 06:07:00,208.015,-0.060000000000002274,-0.05000000000001137
2020-05-24 06:08:00,208.04500000000002,-0.06999999999999318,-0.03999999999999204
2020-05-24 06:09:00,208.055,-0.030000000000001137,-0.030000000000001137
2020-05-24 06:10:00,208.095,-0.03999999999999204,-0.030000000000001137
2020-05-24 06:11:00,208.285,-0.03499999999999659,-0.030000000000001137
2020-05-24 06:12:00,208.16500000000002,-0.029999999999972715,-0.01999999999998181
2020-05-24 06:13:00,208.155,-0.06999999999999318,-0.030000000000001137
2020-05-24 06:14:00,207.965,0.0,0.010000000000019327
2020-05-24 06:15:00,208.095,-0.025000000000005684,-0.010000000000019327
2020-05-24 06:16:00,208.04500000000002,0.0,-0.009999999999990905
2020-05-24 06:17:00,207.865,-0.009999999999990905,0.009999999999990905
2020-05-24 06:18:00,207.805,0.03000000000002956,0.009999999999990905
2020-05-24 06:19:00,207.925,-0.03999999999999204,-0.01999999999998181
2020-05-24 06:20:00,207.905,-0.04999999999998295,-0.03999999999999204
2020-05-24 06:21:00,208.035,-0.03499999999999659,-0.030000000000001137
2020-05-24 06:22:00,208.055,-0.07999999999998408,-0.03999999999999204
2020-05-24 06:23:00,208.04500000000002,-0.04999999999998295,-0.009999999999990905
2020-05-24 06:24:00,207.935,-0.01999999999998181,0.0
2020-05-24 06:25:00,208.005,-0.009999999999990905,0.009999999999990905
2020-05-24 06:26:00,208.005,-0.020000000000010232,0.0
2020-05-24 06:27:00,208.005,0.009999999999990905,0.01999999999998181
2020-05-24 06:28:00,207.95499999999998,0.009999999999990905,0.01999999999998181
2020-05-24 06:29:00,207.85500000000002,0.0,0.010000000000019327
2020-05-24 06:30:00,207.95499999999998,-0.0700000000000216,-0.010000000000019327
2020-05-24 06:31:00,207.975,-0.05000000000001137,0.009999999999990905
2020-05-24 06:32:00,207.85500000000002,0.0,0.020000000000010232
2020-05-24 06:33:00,207.845,-0.01500000000001478,0.009999999999990905
2020-05-24 06:34:00,207.825,-0.010000000000019327,0.01999999999998181
2020-05-24 06:35:00,207.915,0.020000000000010232,0.0
2020-05-24 06:36:00,207.85500000000002,0.020000000000010232,0.010000000000019327
2020-05-24 06:37:00,207.79500000000002,0.03000000000002956,0.010000000000019327
2020-05-24 06:38:00,207.79500000000002,0.045000000000015916,0.03000000000002956
2020-05-24 06:39:00,207.70499999999998,0.03999999999999204,0.04999999999998295
2020-05-24 06:40:00,207.615,0.009999999999990905,0.030000000000001137
2020-05-24 06:41:00,207.655,0.03999999999999204,0.04999999999998295
2020-05-24 06:42:00,207.615,0.009999999999990905,0.030000000000001137
2020-05-24 06:43:00,207.60500000000002,0.05000000000001137,0.05000000000001137
2020-05-24 06:44:00,207.505,0.060000000000002274,0.01999999999998181
2020-05-24 06:45:00,207.535,0.04999999999998295,0.04999999999998295
2020-05-24 06:46:00,207.555,-0.01999999999998181,-0.009999999999990905
2020-05-24 06:47:00,207.595,-0.030000000000001137,0.009999999999990905
2020-05-24 06:48:00,207.695,0.0049999999999954525,0.030000000000001137
2020-05-24 06:49:00,207.60500000000002,0.025000000000005684,0.03000000000002956
2020-05-24 06:50:00,207.655,-0.009999999999990905,-0.020000000000010232
2020-05-24 06:51:00,207.655,0.020000000000010232,-0.030000000000001137
2020-05-24 06:52:00,207.625,0.03999999999999204,-0.009999999999990905
2020-05-24 06:53:00,207.615,0.020000000000010232,0.0
2020-05-24 06:54:00,207.70499999999998,0.01999999999998181,0.009999999999990905
2020-05-24 06:55:00,207.815,-0.009999999999990905,-0.020000000000010232
2020-05-24 06:56:00,208.025,0.044999999999987494,0.030000000000001137
2020-05-24 06:57:00,207.975,-0.010000000000019327,0.009999999999990905
2020-05-24 06:58:00,207.95999999999998,0.024999999999977263,0.03499999999996817
2020-05-24 06:59:00,207.965,-0.0049999999999954525,0.0
2020-05-24 07:00:00,207.95499999999998,-0.009999999999990905,-0.010000000000019327
2020-05-24 07:01:00,208.005,0.0,-0.020000000000010232
2020-05-24 07:02:00,208.04500000000002,-0.024999999999977263,-0.029999999999972715
2020-05-24 07:03:00,208.055,-0.009999999999990905,-0.009999999999990905
2020-05-24 07:04:00,208.055,-0.01999999999998181,-0.009999999999990905
2020-05-24 07:05:00,208.175,-0.03999999999999204,-0.01999999999998181
2020-05-24 07:06:00,208.04500000000002,-0.01999999999998181,0.0
2020-05-24 07:07:00,207.95499999999998,-0.010000000000019327,0.0
2020-05-24 07:08:00,207.905,-0.009999999999990905,0.0
2020-05-24 07:09:00,207.865,-0.009999999999990905,0.009999999999990905
2020-05-24 07:10:00,207.845,-0.03999999999999204,-0.010000000000019327
2020-05-24 07:11:00,207.825,0.0,0.0
2020-05-24 07:12:00,207.885,-0.020000000000010232,0.009999999999990905
2020-05-24 07:13:00,208.025,-0.03999999999999204,-0.020000000000010232
2020-05-24 07:14:00,208.04500000000002,-0.009999999999990905,0.0
2020-05-24 07:15:00,207.985,-0.044999999999987494,-0.009999999999990905
2020-05-24 07:16:00,207.945,0.009999999999990905,0.01999999999998181
2020-05-24 07:17:00,207.885,0.009999999999990905,0.029999999999972715
2020-05-24 07:18:00,207.615,0.040000000000020464,0.030000000000001137
2020-05-24 07:19:00,207.585,0.030000000000001137,0.010000000000019327
2020-05-24 07:20:00,207.475,0.0049999999999954525,0.009999999999990905
2020-05-24 07:21:00,207.565,0.0,-0.020000000000010232
2020-05-24 07:22:00,207.405,-0.009999999999990905,0.03999999999999204
2020-05-24 07:23:00,207.285,0.030000000000001137,0.01500000000001478
2020-05-24 07:24:00,207.085,0.030000000000001137,0.0
2020-05-24 07:25:00,206.885,0.03499999999996817,0.03999999999999204
2020-05-24 07:26:00,206.965,-0.01500000000001478,0.0
2020-05-24 07:27:00,206.865,-0.01999999999998181,0.0
2020-05-24 07:28:00,206.775,0.03999999999999204,0.03999999999999204
2020-05-24 07:29:00,206.785,-0.020000000000010232,0.009999999999990905
2020-05-24 07:30:00,207.025,-0.03999999999999204,-0.020000000000010232
2020-05-24 07:31:00,206.935,0.009999999999990905,0.0
2020-05-24 07:32:00,207.075,-0.020000000000010232,0.0049999999999954525
2020-05-24 07:33:00,207.14499999999998,-0.010000000000019327,0.0
2020-05-24 07:34:00,207.225,-0.005000000000023874,-0.010000000000019327
2020-05-24 07:35:00,207.055,0.0049999999999954525,0.0
2020-05-24 07:36:00,206.875,0.009999999999990905,0.05000000000001137
2020-05-24 07:37:00,206.755,0.01999999999998181,0.01999999999998181
2020-05-24 07:38:00,206.39499999999998,-0.03500000000002501,-0.03000000000002956
2020-05-24 07:39:00,206.515,0.024999999999977263,0.04999999999998295
2020-05-24 07:40:00,206.525,0.05500000000000682,0.05000000000001137
2020-05-24 07:41:00,206.45499999999998,0.014999999999986358,0.029999999999972715
2020-05-24 07:42:00,206.415,-0.044999999999987494,-0.020000000000010232
2020-05-24 07:43:00,206.635,0.03999999999999204,0.03999999999999204
2020-05-24 07:44:00,206.425,0.0,0.010000000000019327
2020-05-24 07:45:00,206.525,0.020000000000010232,0.020000000000010232
2020-05-24 07:46:00,206.765,0.0,-0.0049999999999954525
2020-05-24 07:47:00,206.655,0.020000000000010232,-0.009999999999990905
2020-05-24 07:48:00,206.695,0.0,-0.020000000000010232
2020-05-24 07:49:00,206.585,0.010000000000019327,0.010000000000019327
2020-05-24 07:50:00,206.575,0.0,0.029999999999972715
2020-05-24 07:51:00,206.695,-0.009999999999990905,-0.030000000000001137
2020-05-24 07:52:00,206.655,0.020000000000010232,0.010000000000019327
2020-05-24 07:53:00,206.695,-0.014999999999986358,-0.009999999999990905
2020-05-24 07:54:00,206.685,0.030000000000001137,0.009999999999990905
2020-05-24 07:55:00,206.665,-0.020000000000010232,-0.020000000000010232
2020-05-24 07:56:00,206.595,-0.030000000000001137,-0.020000000000010232
2020-05-24 07:57:00,206.465,0.01500000000001478,0.030000000000001137
2020-05-24 07:58:00,206.45499999999998,0.009999999999990905,0.0
2020-05-24 07:59:00,206.495,-0.009999999999990905,-0.01999999999998181
2020-05-24 08:00:00,206.615,0.0,-0.01999999999998181
2020-05-24 08:01:00,206.305,0.0,0.009999999999990905
2020-05-24 08:02:00,206.225,-0.010000000000019327,0.030000000000001137
2020-05-24 08:03:00,206.135,0.03999999999999204,0.009999999999990905
2020-05-24 08:04:00,206.325,0.009999999999990905,0.0
2020-05-24 08:05:00,206.375,0.06999999999999318,0.030000000000001137
2020-05-24 08:06:00,206.525,-0.030000000000001137,-0.03999999999999204
2020-05-24 08:07:00,206.385,0.009999999999990905,0.0
2020-05-24 08:08:00,206.175,-0.029999999999972715,0.040000000000020464
2020-05-24 08:09:00,206.235,-0.01999999999998181,0.05000000000001137
2020-05-24 08:10:00,206.115,-0.029999999999972715,-0.01999999999998181
2020-05-24 08:11:00,206.20499999999998,-0.010000000000019327,0.0
2020-05-24 08:12:00,206.215,-0.030000000000001137,-0.030000000000001137
2020-05-24 08:13:00,206.405,-0.030000000000001137,-0.009999999999990905
2020-05-24 08:14:00,206.54500000000002,-0.029999999999972715,-0.029999999999972715
2020-05-24 08:15:00,206.685,-0.014999999999986358,-0.009999999999990905
2020-05-24 08:16:00,206.685,-0.024999999999977263,-0.030000000000001137
2020-05-24 08:17:00,206.975,-0.010000000000019327,0.0
2020-05-24 08:18:00,206.985,0.0,-0.009999999999990905
2020-05-24 08:19:00,207.10500000000002,0.020000000000010232,-0.009999999999990905
2020-05-24 08:20:00,207.10500000000002,0.010000000000019327,0.010000000000019327
2020-05-24 08:21:00,207.255,-0.03500000000002501,-0.030000000000001137
2020-05-24 08:22:00,207.255,-0.020000000000010232,-0.009999999999990905
2020-05-24 08:23:00,207.195,-0.03500000000002501,0.0
2020-05-24 08:24:00,207.35500000000002,-0.029999999999972715,-0.01999999999998181
2020-05-24 08:25:00,207.085,0.010000000000019327,0.0
2020-05-24 08:26:00,207.155,0.020000000000010232,0.0
2020-05-24 08:27:00,207.285,-0.020000000000010232,-0.03999999999999204
2020-05-24 08:28:00,207.235,0.0049999999999954525,-0.009999999999990905
2020-05-24 08:29:00,207.165,0.01500000000001478,0.009999999999990905
2020-05-24 08:30:00,207.20499999999998,0.009999999999990905,-0.020000000000010232
2020-05-24 08:31:00,207.275,0.010000000000019327,0.0
2020-05-24 08:32:00,207.20499999999998,0.044999999999987494,0.0
2020-05-24 08:33:00,207.255,0.009999999999990905,0.01999999999998181
2020-05-24 08:34:00,207.325,-0.010000000000019327,0.029999999999972715
2020-05-24 08:35:00,207.505,0.030000000000001137,0.030000000000001137
2020-05-24 08:36:00,207.39499999999998,0.0,0.01999999999998181
2020-05-24 08:37:00,207.565,0.0,0.009999999999990905
2020-05-24 08:38:00,207.505,0.009999999999990905,0.0
2020-05-24 08:39:00,207.39499999999998,0.03999999999996362,0.029999999999972715
2020-05-24 08:40:00,207.225,-0.010000000000019327,0.009999999999990905
2020-05-24 08:41:00,207.315,-0.009999999999990905,0.0
2020-05-24 08:42:00,207.465,-0.009999999999990905,-0.009999999999990905
2020-05-24 08:43:00,207.555,-0.03999999999999204,-0.01999999999998181
2020-05-24 08:44:00,207.535,-0.020000000000010232,-0.020000000000010232
2020-05-24 08:45:00,207.595,-0.020000000000010232,-0.030000000000001137
2020-05-24 08:46:00,207.555,0.0,-0.01999999999998181
2020-05-24 08:47:00,207.415,-0.010000000000019327,0.0
2020-05-24 08:48:00,207.415,0.009999999999990905,-0.010000000000019327
2020-05-24 08:49:00,207.64499999999998,-0.01500000000001478,-0.03000000000002956
2020-05-24 08:50:00,207.615,-0.01999999999998181,-0.03999999999999204
2020-05-24 08:51:00,207.685,-0.009999999999990905,-0.03999999999999204
2020-05-24 08:52:00,207.685,-0.009999999999990905,-0.030000000000001137
2020-05-24 08:53:00,207.495,-0.009999999999990905,-0.01999999999998181
2020-05-24 08:54:00,207.45499999999998,0.0,-0.03000000000002956
2020-05-24 08:55:00,207.585,-0.020000000000010232,-0.030000000000001137
2020-05-24 08:56:00,207.54500000000002,0.010000000000019327,0.0
2020-05-24 08:57:00,207.475,0.009999999999990905,-0.010000000000019327
2020-05-24 08:58:00,207.365,0.0,0.0
2020-05-24 08:59:00,207.185,0.009999999999990905,0.009999999999990905
2020-05-24 09:00:00,207.305,-0.03999999999999204,-0.060000000000002274
2020-05-24 09:01:00,207.575,-0.020000000000010232,-0.020000000000010232
2020-05-24 09:02:00,207.425,0.01500000000001478,0.0
2020-05-24 09:03:00,207.415,0.020000000000010232,0.0
2020-05-24 09:04:00,207.215,-0.009999999999990905,-0.009999999999990905
2020-05-24 09:05:00,207.215,0.0,0.010000000000019327
2020-05-24 09:06:00,207.125,0.014999999999986358,0.01999999999998181
2020-05-24 09:07:00,206.985,-0.01999999999998181,0.0
2020-05-24 09:08:00,206.95499999999998,-0.010000000000019327,0.0
2020-05-24 09:09:00,207.065,-0.009999999999990905,-0.020000000000010232
2020-05-24 09:10:00,207.055,-0.060000000000002274,-0.01999999999998181
2020-05-24 09:11:00,207.325,-0.020000000000010232,-0.020000000000010232
2020-05-24 09:12:00,207.225,0.030000000000001137,0.020000000000010232
2020-05-24 09:13:00,207.29500000000002,-0.01999999999998181,-0.01999999999998181
2020-05-24 09:14:00,207.175,0.0,-0.009999999999990905
2020-05-24 09:15:00,207.10500000000002,0.020000000000010232,0.03000000000002956
2020-05-24 09:16:00,207.10500000000002,-0.009999999999990905,0.010000000000019327
2020-05-24 09:17:00,207.175,-0.009999999999990905,0.010000000000019327
2020-05-24 09:18:00,207.085,0.03999999999999204,0.030000000000001137
2020-05-24 09:19:00,207.04500000000002,-0.009999999999990905,0.010000000000019327
2020-05-24 09:20:00,207.305,-0.03999999999999204,-0.05000000000001137
2020-05-24 09:21:00,207.275,-0.03999999999999204,-0.020000000000010232
2020-05-24 09:22:00,207.265,-0.03000000000002956,0.0
2020-05-24 09:23:00,207.555,-0.03999999999999204,-0.01999999999998181
2020-05-24 09:24:00,207.495,-0.03999999999999204,-0.03999999999999204
2020-05-24 09:25:00,207.565,-0.030000000000001137,-0.030000000000001137
2020-05-24 09:26:00,207.715,-0.060000000000002274,-0.04999999999998295
2020-05-24 09:27:00,207.735,-0.09999999999999432,-0.029999999999972715
2020-05-24 09:28:00,207.85500000000002,-0.04499999999995907,-0.03999999999996362
2020-05-24 09:29:00,208.035,-0.060000000000002274,-0.03999999999999204
2020-05-24 09:30:00,208.015,-0.040000000000020464,-0.03000000000002956
2020-05-24 09:31:00,208.015,-0.05000000000001137,-0.040000000000020464
2020-05-24 09:32:00,207.765,-0.05000000000001137,-0.040000000000020464
2020-05-24 09:33:00,207.765,-0.03000000000002956,-0.020000000000010232
2020-05-24 09:34:00,207.715,-0.01500000000001478,-0.009999999999990905
2020-05-24 09:35:00,207.64499999999998,-0.020000000000010232,-0.010000000000019327
2020-05-24 09:36:00,207.64499999999998,-0.010000000000019327,-0.020000000000010232
2020-05-24 09:37:00,207.655,-0.03999999999999204,-0.030000000000001137
2020-05-24 09:38:00,207.60500000000002,-0.03999999999996362,-0.029999999999972715
2020-05-24 09:39:00,207.595,0.020000000000010232,0.030000000000001137
2020-05-24 09:40:00,207.54500000000002,0.0,0.020000000000010232
2020-05-24 09:41:00,207.625,0.030000000000001137,0.009999999999990905
2020-05-24 09:42:00,207.595,0.0,-0.030000000000001137
2020-05-24 09:43:00,207.85500000000002,-0.01999999999998181,-0.03999999999996362
2020-05-24 09:44:00,207.965,-0.020000000000010232,-0.020000000000010232
2020-05-24 09:45:00,208.065,-0.05000000000001137,-0.040000000000020464
2020-05-24 09:46:00,208.135,-0.05000000000001137,-0.05000000000001137
2020-05-24 09:47:00,208.185,-0.009999999999990905,-0.009999999999990905
2020-05-24 09:48:00,208.025,-0.03999999999999204,-0.009999999999990905
2020-05-24 09:49:00,207.915,-0.010000000000019327,-0.030000000000001137
2020-05-24 09:50:00,207.905,-0.009999999999990905,-0.020000000000010232
2020-05-24 09:51:00,207.995,0.009999999999990905,-0.009999999999990905
2020-05-24 09:52:00,207.915,0.0,-0.030000000000001137
2020-05-24 09:53:00,207.835,0.010000000000019327,-0.009999999999990905
2020-05-24 09:54:00,207.885,0.0,-0.020000000000010232
2020-05-24 09:55:00,207.735,-0.029999999999972715,-0.029999999999972715
2020-05-24 09:56:00,207.715,-0.009999999999990905,-0.009999999999990905
2020-05-24 09:57:00,207.815,0.0,0.0
2020-05-24 09:58:00,207.885,-0.009999999999990905,0.0
2020-05-24 09:59:00,207.745,0.0049999999999954525,0.009999999999990905
2020-05-24 10:00:00,207.655,-0.009999999999990905,0.010000000000019327
2020-05-24 10:01:00,207.975,-0.03999999999999204,-0.020000000000010232
2020-05-24 10:02:00,208.065,0.0049999999999954525,0.0
2020-05-24 10:03:00,208.14499999999998,0.009999999999990905,-0.010000000000019327
2020-05-24 10:04:00,208.085,-0.0049999999999954525,-0.020000000000010232
2020-05-24 10:05:00,208.155,-0.020000000000010232,-0.030000000000001137
2020-05-24 10:06:00,208.04500000000002,0.010000000000019327,-0.04999999999998295
2020-05-24 10:07:00,207.935,0.020000000000010232,-0.030000000000001137
2020-05-24 10:08:00,207.965,0.03999999999999204,-0.020000000000010232
2020-05-24 10:09:00,207.95499999999998,-0.010000000000019327,-0.040000000000020464
2020-05-24 10:10:00,208.035,0.009999999999990905,-0.010000000000019327
2020-05-24 10:11:00,208.165,-0.030000000000001137,-0.0700000000000216
2020-05-24 10:12:00,208.175,-0.03999999999999204,-0.060000000000002274
2020-05-24 10:13:00,208.195,-0.009999999999990905,-0.05000000000001137
2020-05-24 10:14:00,208.285,-0.060000000000002274,-0.060000000000002274
2020-05-24 10:15:00,208.04500000000002,0.05000000000001137,0.0
2020-05-24 10:16:00,208.055,0.05000000000001137,-0.009999999999990905
2020-05-24 10:17:00,208.155,0.010000000000019327,-0.04999999999998295
2020-05-24 10:18:00,208.305,0.009999999999990905,-0.05000000000001137
2020-05-24 10:19:00,208.365,0.0,-0.01999999999998181
2020-05-24 10:20:00,208.64499999999998,-0.040000000000020464,-0.040000000000020464
2020-05-24 10:21:00,208.985,-0.03999999999999204,-0.04999999999998295
2020-05-24 10:22:00,209.04500000000002,-0.009999999999990905,-0.01999999999998181
2020-05-24 10:23:00,209.075,0.0,-0.010000000000019327
2020-05-24 10:24:00,208.775,0.05000000000001137,0.0
2020-05-24 10:25:00,209.085,0.0,-0.020000000000010232
2020-05-24 10:26:00,209.225,-0.0700000000000216,-0.020000000000010232
2020-05-24 10:27:00,209.35500000000002,-0.07999999999998408,-0.029999999999972715
2020-05-24 10:28:00,209.575,-0.03000000000002956,-0.05000000000001137
2020-05-24 10:29:00,209.39499999999998,0.0,-0.010000000000019327
2020-05-24 10:30:00,209.365,-0.009999999999990905,-0.009999999999990905
2020-05-24 10:31:00,209.535,0.009999999999990905,-0.020000000000010232
2020-05-24 10:32:00,209.54500000000002,-0.029999999999972715,-0.04999999999998295
2020-05-24 10:33:00,209.415,-0.020000000000010232,0.03999999999999204
2020-05-24 10:34:00,209.375,-0.009999999999990905,0.0
2020-05-24 10:35:00,209.345,0.009999999999990905,-0.020000000000010232
2020-05-24 10:36:00,209.505,-0.009999999999990905,0.0
2020-05-24 10:37:00,209.54500000000002,-0.01999999999998181,-0.060000000000002274
2020-05-24 10:38:00,209.585,-0.009999999999990905,-0.05999999999997385
2020-05-24 10:39:00,209.585,0.020000000000010232,-0.020000000000010232
2020-05-24 10:40:00,209.465,0.0,-0.020000000000010232
2020-05-24 10:41:00,209.435,0.040000000000020464,0.030000000000001137
2020-05-24 10:42:00,209.29500000000002,0.0,-0.029999999999972715
2020-05-24 10:43:00,209.235,0.020000000000010232,-0.06999999999999318
2020-05-24 10:44:00,209.185,0.009999999999990905,-0.03999999999999204
2020-05-24 10:45:00,209.025,-0.030000000000001137,-0.04999999999998295
2020-05-24 10:46:00,209.115,-0.01999999999998181,-0.03999999999999204
2020-05-24 10:47:00,209.135,-0.020000000000010232,-0.05000000000001137
2020-05-24 10:48:00,209.225,-0.05000000000001137,-0.03999999999999204
2020-05-24 10:49:00,209.20499999999998,-0.040000000000020464,-0.060000000000002274
2020-05-24 10:50:00,209.485,-0.05500000000000682,-0.04999999999998295
2020-05-24 10:51:00,209.535,0.030000000000001137,-0.05000000000001137
2020-05-24 10:52:00,209.405,0.030000000000001137,-0.020000000000010232
2020-05-24 10:53:00,209.39499999999998,0.0,-0.05000000000001137
2020-05-24 10:54:00,209.14499999999998,-0.020000000000010232,-0.040000000000020464
2020-05-24 10:55:00,209.125,-0.009999999999990905,-0.03999999999999204
2020-05-24 10:56:00,209.125,0.0,-0.05000000000001137
2020-05-24 10:57:00,209.015,-0.010000000000019327,-0.03000000000002956
2020-05-24 10:58:00,208.925,-0.009999999999990905,-0.03999999999999204
2020-05-24 10:59:00,208.845,-0.010000000000019327,-0.03999999999999204
2020-05-24 11:00:00,208.885,0.009999999999990905,-0.040000000000020464
2020-05-24 11:01:00,209.225,0.0,-0.03999999999999204
2020-05-24 11:02:00,209.115,0.030000000000001137,0.020000000000010232
2020-05-24 11:03:00,209.195,-0.040000000000020464,-0.040000000000020464
2020-05-24 11:04:00,208.875,-0.05500000000000682,-0.06999999999999318
2020-05-24 11:05:00,208.615,-0.029999999999972715,-0.03999999999999204
2020-05-24 11:06:00,208.465,-0.009999999999990905,-0.020000000000010232
2020-05-24 11:07:00,208.225,0.020000000000010232,0.020000000000010232
2020-05-24 11:08:00,208.20499999999998,0.0,-0.040000000000020464
2020-05-24 11:09:00,208.065,0.05000000000001137,0.01999999999998181
2020-05-24 11:10:00,207.905,0.0,-0.030000000000001137
2020-05-24 11:11:00,207.915,-0.005000000000023874,-0.025000000000005684
2020-05-24 11:12:00,208.45499999999998,-0.010000000000019327,-0.040000000000020464
2020-05-24 11:13:00,208.85500000000002,-0.01999999999998181,-0.029999999999972715
2020-05-24 11:14:00,208.725,0.01500000000001478,0.009999999999990905
2020-05-24 11:15:00,208.675,-0.01999999999998181,-0.009999999999990905
2020-05-24 11:16:00,208.575,-0.010000000000019327,-0.010000000000019327
2020-05-24 11:17:00,208.555,0.009999999999990905,0.0
2020-05-24 11:18:00,208.825,-0.05000000000001137,-0.03000000000002956
2020-05-24 11:19:00,208.095,0.009999999999990905,0.03999999999999204
2020-05-24 11:20:00,208.29500000000002,0.010000000000019327,-0.009999999999990905
2020-05-24 11:21:00,208.375,0.01999999999998181,0.009999999999990905
2020-05-24 11:22:00,208.365,0.040000000000020464,0.0
2020-05-24 11:23:00,208.35500000000002,0.020000000000010232,-0.009999999999990905
2020-05-24 11:24:00,208.305,0.05000000000001137,0.0
2020-05-24 11:25:00,208.39499999999998,-0.010000000000019327,-0.01500000000001478
2020-05-24 11:26:00,208.475,0.020000000000010232,0.0
2020-05-24 11:27:00,208.54500000000002,0.025000000000034106,0.010000000000019327
2020-05-24 11:28:00,208.45499999999998,0.0,-0.010000000000019327
2020-05-24 11:29:00,208.485,0.040000000000020464,0.010000000000019327
2020-05-24 11:30:00,208.495,0.020000000000010232,-0.01999999999998181
2020-05-24 11:31:00,208.735,-0.01999999999998181,-0.029999999999972715
2020-05-24 11:32:00,208.70499999999998,0.0,-0.010000000000019327
2020-05-24 11:33:00,208.60500000000002,0.0049999999999954525,0.0
2020-05-24 11:34:00,208.615,0.030000000000001137,0.020000000000010232
2020-05-24 11:35:00,208.595,0.009999999999990905,0.020000000000010232
2020-05-24 11:36:00,208.585,-0.009999999999990905,0.0
2020-05-24 11:37:00,208.665,0.009999999999990905,0.0
2020-05-24 11:38:00,208.685,0.009999999999990905,-0.01999999999998181
2020-05-24 11:39:00,208.685,-0.009999999999990905,-0.03999999999999204
2020-05-24 11:40:00,208.715,-0.009999999999990905,-0.020000000000010232
2020-05-24 11:41:00,208.885,-0.05000000000001137,-0.040000000000020464
2020-05-24 11:42:00,208.875,-0.01999999999998181,-0.01999999999998181
2020-05-24 11:43:00,208.925,-0.029999999999972715,-0.03999999999999204
2020-05-24 11:44:00,208.925,0.03000000000002956,-0.009999999999990905
2020-05-24 11:45:00,208.805,-0.01999999999998181,-0.030000000000001137
2020-05-24 11:46:00,208.935,-0.01999999999998181,-0.03999999999999204
2020-05-24 11:47:00,209.025,-0.03999999999999204,-0.04999999999998295
2020-05-24 11:48:00,208.885,-0.009999999999990905,-0.009999999999990905
2020-05-24 11:49:00,208.945,-0.040000000000020464,-0.060000000000002274
2020-05-24 11:50:00,208.985,-0.029999999999972715,-0.04999999999998295
2020-05-24 11:51:00,209.095,-0.03999999999999204,-0.020000000000010232
2020-05-24 11:52:00,208.985,-0.03999999999999204,-0.029999999999972715
2020-05-24 11:53:00,208.915,0.0049999999999954525,-0.020000000000010232
2020-05-24 11:54:00,208.835,-0.009999999999990905,0.0
2020-05-24 11:55:00,208.775,0.020000000000010232,0.0
2020-05-24 11:56:00,208.785,-0.010000000000019327,-0.010000000000019327
2020-05-24 11:57:00,208.745,0.014999999999986358,0.020000000000010232
2020-05-24 11:58:00,208.735,0.03000000000002956,0.010000000000019327
2020-05-24 11:59:00,208.70499999999998,0.029999999999972715,0.0
2020-05-24 12:00:00,208.555,0.020000000000010232,-0.009999999999990905
2020-05-24 12:01:00,208.995,0.0,-0.01999999999998181
2020-05-24 12:02:00,208.95499999999998,-0.010000000000019327,-0.010000000000019327
2020-05-24 12:03:00,209.005,0.009999999999990905,-0.040000000000020464
2020-05-24 12:04:00,208.95499999999998,0.009999999999990905,-0.010000000000019327
2020-05-24 12:05:00,208.915,0.03999999999999204,0.0
2020-05-24 12:06:00,208.915,0.030000000000001137,0.009999999999990905
2020-05-24 12:07:00,208.85500000000002,0.010000000000019327,0.0
2020-05-24 12:08:00,208.905,-0.009999999999990905,-0.020000000000010232
2020-05-24 12:09:00,208.985,-0.009999999999990905,-0.009999999999990905
2020-05-24 12:10:00,209.115,0.0,-0.009999999999990905
2020-05-24 12:11:00,209.235,-0.04999999999998295,-0.009999999999990905
2020-05-24 12:12:00,209.04500000000002,0.010000000000019327,0.05000000000001137
2020-05-24 12:13:00,209.055,0.009999999999990905,0.009999999999990905
2020-05-24 12:14:00,209.245,0.0,0.0
2020-05-24 12:15:00,209.235,0.0,0.0
2020-05-24 12:16:00,209.265,-0.05000000000001137,-0.020000000000010232
2020-05-24 12:17:00,209.315,0.0,0.030000000000001137
2020-05-24 12:18:00,209.115,0.009999999999990905,0.020000000000010232
2020-05-24 12:19:00,209.10500000000002,0.020000000000010232,0.03000000000002956
2020-05-24 12:20:00,209.14499999999998,0.03999999999996362,0.03999999999996362
2020-05-24 12:21:00,209.085,0.03999999999999204,0.060000000000002274
2020-05-24 12:22:00,209.055,0.030000000000001137,0.030000000000001137
2020-05-24 12:23:00,209.10500000000002,0.020000000000010232,0.020000000000010232
2020-05-24 12:24:00,209.10500000000002,0.0,0.0
2020-05-24 12:25:00,209.225,0.060000000000002274,0.04999999999998295
2020-05-24 12:26:00,209.165,0.020000000000010232,0.030000000000001137
2020-05-24 12:27:00,208.935,0.05000000000001137,0.05000000000001137
2020-05-24 12:28:00,208.845,0.060000000000002274,0.060000000000002274
2020-05-24 12:29:00,208.815,0.030000000000001137,0.01999999999998181
2020-05-24 12:30:00,208.985,0.03000000000002956,0.040000000000020464
2020-05-24 12:31:00,208.985,0.009999999999990905,0.010000000000019327
2020-05-24 12:32:00,209.055,0.020000000000010232,0.009999999999990905
2020-05-24 12:33:00,209.015,0.009999999999990905,0.01999999999998181
2020-05-24 12:34:00,209.04500000000002,0.01500000000001478,0.020000000000010232
2020-05-24 12:35:00,209.065,0.060000000000002274,0.05000000000001137
2020-05-24 12:36:00,209.065,0.06999999999999318,0.060000000000002274
2020-05-24 12:37:00,209.225,0.030000000000001137,0.009999999999990905
2020-05-24 12:38:00,209.20499999999998,0.029999999999972715,0.009999999999990905
2020-05-24 12:39:00,209.075,0.01999999999998181,0.0
2020-05-24 12:40:00,208.975,0.0,0.020000000000010232
2020-05-24 12:41:00,209.025,0.06500000000002615,0.060000000000002274
2020-05-24 12:42:00,208.805,0.040000000000020464,0.0800000000000125
2020-05-24 12:43:00,208.745,0.040000000000020464,0.05000000000001137
2020-05-24 12:44:00,208.675,0.05000000000001137,0.03000000000002956
2020-05-24 12:45:00,208.675,0.03000000000002956,0.010000000000019327
2020-05-24 12:46:00,208.725,0.009999999999990905,0.020000000000010232
2020-05-24 12:47:00,208.79500000000002,0.010000000000019327,-0.009999999999990905
2020-05-24 12:48:00,208.60500000000002,0.060000000000002274,0.060000000000002274
2020-05-24 12:49:00,208.575,0.029999999999972715,0.01999999999998181
2020-05-24 12:50:00,208.535,0.06999999999999318,0.06999999999999318
2020-05-24 12:51:00,208.575,0.01999999999998181,0.0
2020-05-24 12:52:00,208.715,0.010000000000019327,0.0
2020-05-24 12:53:00,208.625,0.030000000000001137,0.009999999999990905
2020-05-24 12:54:00,208.615,0.009999999999990905,0.0
2020-05-24 12:55:00,208.615,-0.03999999999999204,-0.029999999999972715
2020-05-24 12:56:00,208.60500000000002,0.020000000000010232,0.0
2020-05-24 12:57:00,208.375,0.030000000000001137,0.009999999999990905
2020-05-24 12:58:00,208.215,0.0,0.010000000000019327
2020-05-24 12:59:00,208.315,-0.025000000000005684,-0.030000000000001137
2020-05-24 13:00:00,208.235,0.010000000000019327,0.0
2020-05-24 13:01:00,208.415,-2.842170943040401e-14,0.0
2020-05-24 13:02:00,208.445,0.0,0.009999999999990905
2020-05-24 13:03:00,208.39499999999998,0.03999999999996362,0.03999999999996362
2020-05-24 13:04:00,208.14499999999998,0.009999999999990905,0.029999999999972715
2020-05-24 13:05:00,208.095,0.020000000000010232,-0.020000000000010232
2020-05-24 13:06:00,208.10500000000002,-0.009999999999990905,-0.01999999999998181
2020-05-24 13:07:00,208.14499999999998,0.01999999999998181,-0.010000000000019327
2020-05-24 13:08:00,208.265,0.009999999999990905,-0.020000000000010232
2020-05-24 13:09:00,208.20499999999998,0.01999999999998181,0.0
2020-05-24 13:10:00,208.04500000000002,0.040000000000020464,0.03000000000002956
2020-05-24 13:11:00,208.20499999999998,-0.010000000000019327,-0.010000000000019327
2020-05-24 13:12:00,208.215,-0.009999999999990905,0.0
2020-05-24 13:13:00,208.35500000000002,0.010000000000019327,0.0
2020-05-24 13:14:00,208.305,0.030000000000001137,0.009999999999990905
2020-05-24 13:15:00,208.335,-0.030000000000001137,-0.020000000000010232
2020-05-24 13:16:00,208.425,-0.029999999999972715,-0.009999999999990905
2020-05-24 13:17:00,208.505,-0.025000000000005684,-0.009999999999990905
2020-05-24 13:18:00,208.64499999999998,-0.020000000000010232,-0.03000000000002956
2020-05-24 13:19:00,208.715,-0.03999999999999204,-0.030000000000001137
2020-05-24 13:20:00,208.785,-0.03499999999999659,-0.05000000000001137
2020-05-24 13:21:00,208.765,0.029999999999972715,0.009999999999990905
2020-05-24 13:22:00,208.60500000000002,-0.01999999999998181,-0.009999999999990905
2020-05-24 13:23:00,208.595,-0.0549999999999784,-0.030000000000001137
2020-05-24 13:24:00,208.79500000000002,-0.009999999999990905,-0.029999999999972715
2020-05-24 13:25:00,208.825,-0.010000000000019327,-0.020000000000010232
2020-05-24 13:26:00,208.85500000000002,-0.0049999999999954525,-0.009999999999990905
2020-05-24 13:27:00,208.765,0.0049999999999954525,0.0
2020-05-24 13:28:00,208.945,-0.025000000000005684,-0.020000000000010232
2020-05-24 13:29:00,208.945,-0.020000000000010232,-0.05000000000001137
2020-05-24 13:30:00,208.975,-0.020000000000010232,-0.030000000000001137
2020-05-24 13:31:00,209.015,-0.010000000000019327,-0.060000000000002274
2020-05-24 13:32:00,208.85500000000002,0.020000000000010232,-0.009999999999990905
2020-05-24 13:33:00,208.85500000000002,0.0,-0.009999999999990905
2020-05-24 13:34:00,208.95499999999998,0.01999999999998181,0.0
2020-05-24 13:35:00,208.95499999999998,-0.0049999999999954525,0.0
2020-05-24 13:36:00,209.015,0.009999999999990905,0.0
2020-05-24 13:37:00,209.25,-0.045000000000015916,-0.045000000000015916
2020-05-24 13:38:00,209.305,0.0,-0.03999999999999204
2020-05-24 13:39:00,209.26999999999998,-0.005000000000023874,-0.025000000000034106
2020-05-24 13:40:00,209.125,0.009999999999990905,-0.01999999999998181
2020-05-24 13:41:00,209.075,0.03999999999999204,-0.020000000000010232
2020-05-24 13:42:00,209.135,-0.040000000000020464,-0.05000000000001137
2020-05-24 13:43:00,209.04500000000002,0.03000000000002956,-0.009999999999990905
2020-05-24 13:44:00,208.95499999999998,0.009999999999990905,0.0
2020-05-24 13:45:00,208.95499999999998,0.0,-0.03000000000002956
2020-05-24 13:46:00,208.925,0.03000000000002956,-0.009999999999990905
2020-05-24 13:47:00,209.075,-0.010000000000019327,-0.060000000000002274
2020-05-24 13:48:00,208.975,0.0049999999999954525,0.0
2020-05-24 13:49:00,209.025,-0.04999999999998295,-0.009999999999990905
2020-05-24 13:50:00,209.025,0.010000000000019327,0.0
2020-05-24 13:51:00,209.005,0.0,-0.020000000000010232
2020-05-24 13:52:00,208.845,-0.020000000000010232,-0.020000000000010232
2020-05-24 13:53:00,208.79500000000002,0.010000000000019327,0.020000000000010232
2020-05-24 13:54:00,208.89499999999998,0.0,0.0
2020-05-24 13:55:00,208.89499999999998,0.014999999999986358,0.0
2020-05-24 13:56:00,208.89499999999998,0.0,-0.010000000000019327
2020-05-24 13:57:00,208.785,-0.01500000000001478,-0.020000000000010232
2020-05-24 13:58:00,208.755,0.0,-0.009999999999990905
2020-05-24 13:59:00,208.785,-0.03999999999999204,-0.03999999999999204
2020-05-24 14:00:00,208.925,-0.009999999999990905,-0.01999999999998181
2020-05-24 14:01:00,209.115,-0.009999999999990905,-0.009999999999990905
2020-05-24 14:02:00,209.165,-0.020000000000010232,-0.05000000000001137
2020-05-24 14:03:00,209.435,-0.024999999999977263,0.009999999999990905
2020-05-24 14:04:00,209.875,-0.009999999999990905,-0.01999999999998181
2020-05-24 14:05:00,210.235,-0.07999999999998408,-0.08999999999997499
2020-05-24 14:06:00,210.04500000000002,-0.01999999999998181,-0.060000000000002274
2020-05-24 14:07:00,210.115,-0.04999999999998295,-0.08999999999997499
2020-05-24 14:08:00,210.235,-0.03999999999999204,-0.060000000000002274
2020-05-24 14:09:00,210.465,-0.030000000000001137,-0.09000000000000341
2020-05-24 14:10:00,210.265,0.0,-0.020000000000010232
2020-05-24 14:11:00,210.10500000000002,-0.03999999999996362,-0.04999999999998295
2020-05-24 14:12:00,210.135,-0.009999999999990905,-0.05000000000001137
2020-05-24 14:13:00,210.005,-0.020000000000010232,-0.10000000000002274
2020-05-24 14:14:00,210.125,0.0,-0.06999999999999318
2020-05-24 14:15:00,210.175,-0.029999999999972715,-0.04999999999998295
2020-05-24 14:16:00,210.375,-0.009999999999990905,-0.024999999999977263
2020-05-24 14:17:00,210.39499999999998,-0.045000000000015916,-0.060000000000002274
2020-05-24 14:18:00,210.065,0.0,-0.009999999999990905
2020-05-24 14:19:00,210.04500000000002,0.03000000000002956,0.0
2020-05-24 14:20:00,210.14499999999998,0.01999999999998181,-0.010000000000019327
2020-05-24 14:21:00,209.865,0.05000000000001137,-0.01999999999998181
2020-05-24 14:22:00,209.85500000000002,0.060000000000002274,0.020000000000010232
2020-05-24 14:23:00,209.845,0.009999999999990905,-0.010000000000019327
2020-05-24 14:24:00,209.845,-0.03999999999999204,-0.04999999999998295
2020-05-24 14:25:00,210.065,-0.020000000000010232,-0.040000000000020464
2020-05-24 14:26:00,210.20499999999998,0.009999999999990905,-0.010000000000019327
2020-05-24 14:27:00,210.275,-0.020000000000010232,-0.030000000000001137
2020-05-24 14:28:00,210.195,0.01999999999998181,-0.009999999999990905
2020-05-24 14:29:00,210.065,0.009999999999990905,-0.020000000000010232
2020-05-24 14:30:00,210.10500000000002,0.020000000000010232,-0.01999999999998181
2020-05-24 14:31:00,210.155,-0.020000000000010232,-0.04999999999998295
2020-05-24 14:32:00,210.155,0.030000000000001137,-0.009999999999990905
2020-05-24 14:33:00,210.155,0.005000000000023874,0.0
2020-05-24 14:34:00,209.985,0.03000000000002956,-0.01999999999998181
2020-05-24 14:35:00,209.825,0.009999999999990905,-0.010000000000019327
2020-05-24 14:36:00,209.89499999999998,0.04999999999998295,0.0
2020-05-24 14:37:00,209.915,0.04999999999998295,0.009999999999990905
2020-05-24 14:38:00,209.725,0.03999999999999204,0.009999999999990905
2020-05-24 14:39:00,209.875,0.0,-0.030000000000001137
2020-05-24 14:40:00,209.835,0.025000000000005684,0.030000000000001137
2020-05-24 14:41:00,209.805,0.05000000000001137,0.009999999999990905
2020-05-24 14:42:00,209.595,0.009999999999990905,0.009999999999990905
2020-05-24 14:43:00,209.575,0.03999999999999204,0.009999999999990905
2020-05-24 14:44:00,209.555,0.0,-0.030000000000001137
2020-05-24 14:45:00,209.805,0.0,0.009999999999990905
2020-05-24 14:46:00,210.01999999999998,0.014999999999986358,0.024999999999977263
2020-05-24 14:47:00,210.025,0.05000000000001137,0.05000000000001137
2020-05-24 14:48:00,209.815,0.07999999999998408,0.060000000000002274
2020-05-24 14:49:00,209.515,0.03999999999999204,0.029999999999972715
2020-05-24 14:50:00,209.585,0.030000000000001137,0.030000000000001137
2020-05-24 14:51:00,209.60500000000002,0.020000000000010232,0.040000000000020464
2020-05-24 14:52:00,209.675,-0.009999999999990905,0.0
2020-05-24 14:53:00,209.655,-0.009999999999990905,-0.020000000000010232
2020-05-24 14:54:00,209.79500000000002,-0.01999999999998181,-0.01999999999998181
2020-05-24 14:55:00,209.865,0.0,0.0
2020-05-24 14:56:00,209.985,-0.009999999999990905,-0.009999999999990905
2020-05-24 14:57:00,210.04500000000002,0.03000000000002956,0.010000000000019327
2020-05-24 14:58:00,210.035,0.03999999999999204,0.0
2020-05-24 14:59:00,210.005,0.030000000000001137,0.009999999999990905
2020-05-24 15:00:00,210.025,-0.030000000000001137,-0.009999999999990905
2020-05-24 15:01:00,210.225,0.009999999999990905,-0.010000000000019327
2020-05-24 15:02:00,210.29500000000002,0.05000000000001137,0.05000000000001137
2020-05-24 15:03:00,210.155,0.0,0.0
2020-05-24 15:04:00,210.04500000000002,0.0700000000000216,0.060000000000002274
2020-05-24 15:05:00,209.845,0.060000000000002274,0.03999999999999204
2020-05-24 15:06:00,209.745,0.0800000000000125,0.040000000000020464
2020-05-24 15:07:00,209.805,-0.009999999999990905,-0.009999999999990905
2020-05-24 15:08:00,209.995,0.0,-0.01999999999998181
2020-05-24 15:09:00,209.865,0.020000000000010232,-0.029999999999972715
2020-05-24 15:10:00,209.995,0.030000000000001137,-0.01999999999998181
2020-05-24 15:11:00,209.935,0.020000000000010232,-0.009999999999990905
2020-05-24 15:12:00,210.025,0.010000000000019327,-0.03999999999999204
2020-05-24 15:13:00,210.04500000000002,-0.03999999999996362,-0.03999999999999204
2020-05-24 15:14:00,209.995,0.05000000000001137,0.040000000000020464
2020-05-24 15:15:00,209.925,0.040000000000020464,0.020000000000010232
2020-05-24 15:16:00,209.885,0.0,0.009999999999990905
2020-05-24 15:17:00,209.89499999999998,0.05999999999997385,0.04499999999995907
2020-05-24 15:18:00,209.885,-0.009999999999990905,0.0
2020-05-24 15:19:00,209.885,0.014999999999986358,0.01999999999998181
2020-05-24 15:20:00,210.055,0.009999999999990905,-0.01999999999998181
2020-05-24 15:21:00,210.065,-0.030000000000001137,-0.030000000000001137
2020-05-24 15:22:00,210.065,-0.020000000000010232,-0.040000000000020464
2020-05-24 15:23:00,209.915,0.030000000000001137,0.020000000000010232
2020-05-24 15:24:00,209.995,0.020000000000010232,0.020000000000010232
2020-05-24 15:25:00,209.995,0.030000000000001137,0.009999999999990905
2020-05-24 15:26:00,210.005,0.06499999999999773,0.01999999999998181
2020-05-24 15:27:00,209.97,0.01500000000001478,0.01500000000001478
2020-05-24 15:28:00,210.135,0.029999999999972715,-0.009999999999990905
2020-05-24 15:29:00,210.085,0.01500000000001478,-0.009999999999990905
2020-05-24 15:30:00,210.235,0.020000000000010232,0.010000000000019327
2020-05-24 15:31:00,210.285,0.020000000000010232,-0.020000000000010232
2020-05-24 15:32:00,210.235,0.0,-0.01999999999998181
2020-05-24 15:33:00,210.20499999999998,0.03999999999999204,-0.020000000000010232
2020-05-24 15:34:00,210.195,0.0,-0.030000000000001137
2020-05-24 15:35:00,210.185,0.009999999999990905,-0.01999999999998181
2020-05-24 15:36:00,210.14499999999998,0.03999999999996362,0.0
2020-05-24 15:37:00,210.155,0.020000000000010232,-0.009999999999990905
2020-05-24 15:38:00,210.115,0.020000000000010232,-0.01999999999998181
2020-05-24 15:39:00,209.925,0.020000000000010232,-0.009999999999990905
2020-05-24 15:40:00,209.905,-0.0049999999999954525,-0.030000000000001137
2020-05-24 15:41:00,209.835,0.03999999999999204,0.030000000000001137
2020-05-24 15:42:00,209.825,0.029999999999972715,0.0
2020-05-24 15:43:00,209.765,-0.010000000000019327,-0.03000000000002956
2020-05-24 15:44:00,209.785,-0.010000000000019327,-0.030000000000001137
2020-05-24 15:45:00,209.805,-0.009999999999990905,-0.03999999999999204
2020-05-24 15:46:00,209.825,0.01999999999998181,-0.010000000000019327
2020-05-24 15:47:00,209.885,-0.009999999999990905,-0.040000000000020464
2020-05-24 15:48:00,209.925,0.010000000000019327,0.0
2020-05-24 15:49:00,209.845,0.020000000000010232,0.0
2020-05-24 15:50:00,209.675,0.0,0.020000000000010232
2020-05-24 15:51:00,209.60500000000002,0.040000000000020464,0.020000000000010232
2020-05-24 15:52:00,209.655,0.0,-0.020000000000010232
2020-05-24 15:53:00,209.655,0.0,0.010000000000019327
2020-05-24 15:54:00,209.585,0.030000000000001137,0.0
2020-05-24 15:55:00,209.535,0.03999999999999204,0.0
2020-05-24 15:56:00,209.485,0.060000000000002274,0.05000000000001137
2020-05-24 15:57:00,209.445,0.05000000000001137,0.01999999999998181
2020-05-24 15:58:00,209.345,0.030000000000001137,0.03999999999999204
2020-05-24 15:59:00,209.315,-0.009999999999990905,0.009999999999990905
2020-05-24 16:00:00,209.555,0.030000000000001137,0.030000000000001137
2020-05-24 16:01:00,209.89499999999998,-0.020000000000010232,0.0
2020-05-24 16:02:00,209.995,-0.009999999999990905,-0.030000000000001137
2020-05-24 16:03:00,209.945,0.030000000000001137,-0.020000000000010232
2020-05-24 16:04:00,209.745,0.05000000000001137,0.030000000000001137
2020-05-24 16:05:00,209.835,0.020000000000010232,-0.020000000000010232
2020-05-24 16:06:00,209.79500000000002,0.05000000000001137,0.020000000000010232
2020-05-24 16:07:00,209.78,0.05500000000000682,0.044999999999987494
2020-05-24 16:08:00,209.715,0.030000000000001137,0.005000000000023874
2020-05-24 16:09:00,209.565,0.060000000000002274,0.030000000000001137
2020-05-24 16:10:00,209.565,0.06999999999999318,0.03999999999999204
2020-05-24 16:11:00,209.515,0.04999999999998295,0.06999999999999318
2020-05-24 16:12:00,209.385,0.03999999999999204,0.009999999999990905
2020-05-24 16:13:00,209.285,0.020000000000010232,0.03999999999999204
2020-05-24 16:14:00,209.375,0.01999999999998181,0.030000000000001137
2020-05-24 16:15:00,209.325,0.03999999999999204,0.029999999999972715
2020-05-24 16:16:00,209.35500000000002,0.020000000000010232,0.0
2020-05-24 16:17:00,209.555,0.030000000000001137,0.009999999999990905
2020-05-24 16:18:00,209.575,-0.010000000000019327,-0.010000000000019327
2020-05-24 16:19:00,209.535,0.04999999999998295,0.03999999999999204
2020-05-24 16:20:00,209.575,0.029999999999972715,-0.010000000000019327
2020-05-24 16:21:00,209.555,0.030000000000001137,0.0
2020-05-24 16:22:00,209.595,0.030000000000001137,0.0
2020-05-24 16:23:00,209.405,0.020000000000010232,0.010000000000019327
2020-05-24 16:24:00,209.435,0.020000000000010232,0.030000000000001137
2020-05-24 16:25:00,209.385,0.01999999999998181,0.009999999999990905
2020-05-24 16:26:00,209.325,0.009999999999990905,-0.010000000000019327
2020-05-24 16:27:00,209.325,0.0,-0.03000000000002956
2020-05-24 16:28:00,209.405,0.0,0.020000000000010232
2020-05-24 16:29:00,209.35500000000002,0.0,0.0
2020-05-24 16:30:00,209.515,-0.010000000000019327,-0.040000000000020464
2020-05-24 16:31:00,209.425,0.040000000000020464,0.03000000000002956
2020-05-24 16:32:00,209.335,0.0,0.0
2020-05-24 16:33:00,209.335,0.020000000000010232,0.0
2020-05-24 16:34:00,209.475,0.0,-0.010000000000019327
2020-05-24 16:35:00,209.585,0.0,-0.009999999999990905
2020-05-24 16:36:00,209.60500000000002,-0.009999999999990905,-0.029999999999972715
2020-05-24 16:37:00,209.565,-0.020000000000010232,-0.030000000000001137
2020-05-24 16:38:00,209.625,-0.030000000000001137,-0.03999999999999204
2020-05-24 16:39:00,209.64499999999998,-0.020000000000010232,-0.040000000000020464
2020-05-24 16:40:00,209.725,-0.020000000000010232,-0.030000000000001137
2020-05-24 16:41:00,209.735,-0.03999999999999204,-0.06999999999999318
2020-05-24 16:42:00,209.735,-0.009999999999990905,-0.009999999999990905
2020-05-24 16:43:00,209.805,0.0,-0.03999999999999204
2020-05-24 16:44:00,209.815,-0.030000000000001137,-0.020000000000010232
2020-05-24 16:45:00,209.835,-0.025000000000005684,-0.020000000000010232
2020-05-24 16:46:00,209.845,-0.010000000000019327,-0.020000000000010232
2020-05-24 16:47:00,209.815,0.009999999999990905,0.0
2020-05-24 16:48:00,209.725,-0.010000000000019327,-0.020000000000010232
2020-05-24 16:49:00,209.615,-0.029999999999972715,-0.03999999999999204
2020-05-24 16:50:00,209.70499999999998,0.03999999999999204,0.01999999999998181
2020-05-24 16:51:00,209.60500000000002,-0.01999999999998181,-0.01999999999998181
2020-05-24 16:52:00,209.635,0.009999999999990905,-0.009999999999990905
2020-05-24 16:53:00,209.60500000000002,0.040000000000020464,0.020000000000010232
2020-05-24 16:54:00,209.54500000000002,0.0,-0.060000000000002274
2020-05-24 16:55:00,209.555,0.030000000000001137,-0.030000000000001137
2020-05-24 16:56:00,209.725,0.020000000000010232,0.0
2020-05-24 16:57:00,209.725,-0.020000000000010232,-0.030000000000001137
2020-05-24 16:58:00,209.735,0.040000000000020464,-0.009999999999990905
2020-05-24 16:59:00,209.625,0.009999999999990905,-0.03999999999999204
2020-05-24 17:00:00,209.625,0.045000000000015916,0.0
2020-05-24 17:01:00,209.765,0.014999999999986358,-0.010000000000019327
2020-05-24 17:02:00,209.70499999999998,-0.009999999999990905,-0.040000000000020464
2020-05-24 17:03:00,209.785,0.020000000000010232,-0.030000000000001137
2020-05-24 17:04:00,209.79500000000002,0.03000000000002956,0.0
2020-05-24 17:05:00,209.755,-0.009999999999990905,0.0
2020-05-24 17:06:00,210.04500000000002,-0.01999999999998181,-0.029999999999972715
2020-05-24 17:07:00,210.175,-0.014999999999986358,-0.060000000000002274
2020-05-24 17:08:00,210.175,0.03000000000002956,0.020000000000010232
2020-05-24 17:09:00,210.235,-0.029999999999972715,-0.07999999999998408
2020-05-24 17:10:00,210.35500000000002,0.0,-0.029999999999972715
2020-05-24 17:11:00,210.345,-0.04999999999998295,-0.0800000000000125
2020-05-24 17:12:00,210.255,-0.009999999999990905,-0.030000000000001137
2020-05-24 17:13:00,210.20499999999998,0.01999999999998181,-0.03000000000002956
2020-05-24 17:14:00,210.285,0.009999999999990905,-0.05000000000001137
2020-05-24 17:15:00,210.155,0.010000000000019327,-0.03999999999999204
2020-05-24 17:16:00,210.14499999999998,-0.040000000000020464,-0.05000000000001137
2020-05-24 17:17:00,210.225,-0.05000000000001137,-0.060000000000002274
2020-05-24 17:18:00,210.20499999999998,0.0,-0.040000000000020464
2020-05-24 17:19:00,210.265,0.0,-0.020000000000010232
2020-05-24 17:20:00,210.385,-0.009999999999990905,-0.030000000000001137
2020-05-24 17:21:00,210.405,-0.03999999999999204,-0.04999999999998295
2020-05-24 17:22:00,210.275,-0.009999999999990905,-0.03999999999999204
2020-05-24 17:23:00,210.305,0.009999999999990905,-0.009999999999990905
2020-05-24 17:24:00,210.225,-0.030000000000001137,-0.0700000000000216
2020-05-24 17:25:00,210.095,-0.020000000000010232,-0.010000000000019327
2020-05-24 17:26:00,210.175,-0.01999999999998181,-0.029999999999972715
2020-05-24 17:27:00,210.155,0.03999999999999204,0.010000000000019327
2020-05-24 17:28:00,210.125,-0.030000000000001137,-0.009999999999990905
2020-05-24 17:29:00,210.055,-0.009999999999990905,-0.030000000000001137
2020-05-24 17:30:00,210.20499999999998,-0.0800000000000125,-0.040000000000020464
2020-05-24 17:31:00,210.095,-0.030000000000001137,-0.020000000000010232
2020-05-24 17:32:00,210.14499999999998,0.029999999999972715,0.029999999999972715
2020-05-24 17:33:00,210.155,-0.020000000000010232,-0.030000000000001137
2020-05-24 17:34:00,210.025,-0.009999999999990905,0.0
2020-05-24 17:35:00,210.025,0.0,0.010000000000019327
2020-05-24 17:36:00,210.035,0.030000000000001137,0.020000000000010232
2020-05-24 17:37:00,210.095,0.009999999999990905,-0.020000000000010232
2020-05-24 17:38:00,210.005,0.03999999999999204,0.009999999999990905
2020-05-24 17:39:00,209.975,0.030000000000001137,-0.010000000000019327
2020-05-24 17:40:00,209.965,0.03999999999999204,0.010000000000019327
2020-05-24 17:41:00,210.005,0.0,-0.05000000000001137
2020-05-24 17:42:00,209.975,-0.010000000000019327,-0.020000000000010232
2020-05-24 17:43:00,210.005,0.009999999999990905,0.0
2020-05-24 17:44:00,209.965,0.05000000000001137,0.010000000000019327
2020-05-24 17:45:00,209.825,0.029999999999972715,0.01999999999998181
2020-05-24 17:46:00,209.885,-0.009999999999990905,-0.009999999999990905
2020-05-24 17:47:00,209.765,0.01999999999998181,0.01999999999998181
2020-05-24 17:48:00,209.725,0.030000000000001137,0.009999999999990905
2020-05-24 17:49:00,209.695,0.024999999999977263,0.0
2020-05-24 17:50:00,209.845,0.020000000000010232,0.009999999999990905
2020-05-24 17:51:00,209.89499999999998,0.029999999999972715,-0.010000000000019327
2020-05-24 17:52:00,209.665,0.06999999999999318,0.04999999999998295
2020-05-24 17:53:00,209.665,0.04999999999998295,0.05999999999997385
2020-05-24 17:54:00,209.655,-0.009999999999990905,0.0
2020-05-24 17:55:00,209.615,0.009999999999990905,-0.009999999999990905
2020-05-24 17:56:00,209.60500000000002,0.040000000000020464,0.040000000000020464
2020-05-24 17:57:00,209.595,0.03999999999999204,0.04999999999998295
2020-05-24 17:58:00,209.575,0.03999999999999204,0.029999999999972715
2020-05-24 17:59:00,209.60500000000002,0.010000000000019327,0.03000000000002956
2020-05-24 18:00:00,209.79500000000002,0.05000000000001137,0.060000000000002274
2020-05-24 18:01:00,209.825,-0.010000000000019327,0.0
2020-05-24 18:02:00,209.885,-0.009999999999990905,0.0
2020-05-24 18:03:00,209.835,0.03999999999999204,0.03999999999999204
2020-05-24 18:04:00,209.885,-0.020000000000010232,0.0
2020-05-24 18:05:00,209.89499999999998,-0.020000000000010232,-0.010000000000019327
2020-05-24 18:06:00,209.865,0.020000000000010232,0.0
2020-05-24 18:07:00,209.925,-0.009999999999990905,-0.03999999999999204
2020-05-24 18:08:00,210.025,-0.009999999999990905,-0.03999999999999204
2020-05-24 18:09:00,210.005,0.014999999999986358,0.009999999999990905
2020-05-24 18:10:00,210.005,0.01999999999998181,0.03999999999999204
2020-05-24 18:11:00,209.945,0.01999999999998181,0.030000000000001137
2020-05-24 18:12:00,210.005,0.05000000000001137,0.01999999999998181
2020-05-24 18:13:00,209.95499999999998,0.009999999999990905,0.01999999999998181
2020-05-24 18:14:00,209.865,0.05000000000001137,0.020000000000010232
2020-05-24 18:15:00,209.695,-0.009999999999990905,0.0
2020-05-24 18:16:00,209.89499999999998,0.009999999999990905,-0.010000000000019327
2020-05-24 18:17:00,209.915,0.009999999999990905,0.0
2020-05-24 18:18:00,210.005,0.024999999999977263,-0.020000000000010232
2020-05-24 18:19:00,209.965,0.0700000000000216,0.030000000000001137
2020-05-24 18:20:00,210.005,0.01999999999998181,-0.009999999999990905
2020-05-24 18:21:00,210.04500000000002,0.010000000000019327,0.0
2020-05-24 18:22:00,210.035,0.04999999999998295,0.009999999999990905
2020-05-24 18:23:00,210.025,0.030000000000001137,-0.009999999999990905
2020-05-24 18:24:00,210.025,0.030000000000001137,-0.009999999999990905
2020-05-24 18:25:00,210.025,-0.009999999999990905,-0.03999999999999204
2020-05-24 18:26:00,210.035,0.04999999999998295,0.0
2020-05-24 18:27:00,210.04500000000002,0.060000000000002274,0.020000000000010232
2020-05-24 18:28:00,209.945,0.01999999999998181,0.009999999999990905
2020-05-24 18:29:00,209.925,0.05000000000001137,0.03000000000002956
2020-05-24 18:30:00,209.865,0.009999999999990905,-0.009999999999990905
2020-05-24 18:31:00,209.735,0.03000000000002956,0.020000000000010232
2020-05-24 18:32:00,209.755,0.030000000000001137,0.009999999999990905
2020-05-24 18:33:00,209.675,0.0,-0.009999999999990905
2020-05-24 18:34:00,209.775,0.030000000000001137,0.010000000000019327
2020-05-24 18:35:00,209.655,0.020000000000010232,0.010000000000019327
2020-05-24 18:36:00,209.635,0.029999999999972715,0.01999999999998181
2020-05-24 18:37:00,209.515,0.009999999999990905,0.009999999999990905
2020-05-24 18:38:00,209.54500000000002,0.010000000000019327,0.0
2020-05-24 18:39:00,209.60500000000002,0.010000000000019327,0.010000000000019327
2020-05-24 18:40:00,209.615,0.009999999999990905,0.0
2020-05-24 18:41:00,209.615,0.009999999999990905,0.0
2020-05-24 18:42:00,209.625,0.009999999999990905,0.0
2020-05-24 18:43:00,209.315,0.009999999999990905,-0.009999999999990905
2020-05-24 18:44:00,209.39499999999998,0.04999999999998295,0.009999999999990905
2020-05-24 18:45:00,209.415,0.009999999999990905,0.0
2020-05-24 18:46:00,209.39499999999998,0.009999999999990905,0.029999999999972715
2020-05-24 18:47:00,209.565,0.030000000000001137,0.05000000000001137
2020-05-24 18:48:00,209.555,0.05000000000001137,0.030000000000001137
2020-05-24 18:49:00,209.505,0.01999999999998181,-0.009999999999990905
2020-05-24 18:50:00,209.505,0.05000000000001137,0.05000000000001137
2020-05-24 18:51:00,209.515,0.029999999999972715,0.009999999999990905
2020-05-24 18:52:00,209.535,0.0,0.009999999999990905
2020-05-24 18:53:00,209.525,0.030000000000001137,0.010000000000019327
2020-05-24 18:54:00,209.54500000000002,-0.01999999999998181,-0.009999999999990905
2020-05-24 18:55:00,209.525,0.03999999999999204,0.030000000000001137
2020-05-24 18:56:00,209.515,0.029999999999972715,0.01999999999998181
2020-05-24 18:57:00,209.60500000000002,0.020000000000010232,-0.009999999999990905
2020-05-24 18:58:00,209.595,0.0049999999999954525,-0.020000000000010232
2020-05-24 18:59:00,209.625,-0.009999999999990905,-0.05000000000001137
2020-05-24 19:00:00,209.495,0.0,-0.05000000000001137
2020-05-24 19:01:00,209.485,-0.009999999999990905,-0.01999999999998181
2020-05-24 19:02:00,209.365,-0.009999999999990905,0.020000000000010232
2020-05-24 19:03:00,209.365,0.020000000000010232,0.020000000000010232
2020-05-24 19:04:00,209.195,-0.009999999999990905,0.030000000000001137
2020-05-24 19:05:00,209.265,0.009999999999990905,-0.010000000000019327
2020-05-24 19:06:00,209.075,0.01999999999998181,0.009999999999990905
2020-05-24 19:07:00,209.065,0.0,-0.020000000000010232
2020-05-24 19:08:00,209.035,0.060000000000002274,0.0
2020-05-24 19:09:00,208.625,0.030000000000001137,0.0
2020-05-24 19:10:00,208.275,0.060000000000002274,0.05000000000001137
2020-05-24 19:11:00,208.095,0.03999999999999204,-0.010000000000019327
2020-05-24 19:12:00,208.405,0.030000000000001137,0.010000000000019327
2020-05-24 19:13:00,208.35500000000002,0.03000000000002956,0.0
2020-05-24 19:14:00,207.975,0.04999999999998295,0.06999999999999318
2020-05-24 19:15:00,207.615,0.040000000000020464,0.05000000000001137
2020-05-24 19:16:00,207.445,0.030000000000001137,0.030000000000001137
2020-05-24 19:17:00,207.45499999999998,0.0049999999999954525,0.03999999999999204
2020-05-24 19:18:00,207.775,-0.020000000000010232,-0.020000000000010232
2020-05-24 19:19:00,207.905,-0.030000000000001137,-0.020000000000010232
2020-05-24 19:20:00,208.155,0.0,-0.020000000000010232
2020-05-24 19:21:00,208.10500000000002,-0.01999999999998181,0.0
2020-05-24 19:22:00,207.925,-0.03999999999996362,-0.029999999999972715
2020-05-24 19:23:00,207.595,0.01500000000001478,-0.010000000000019327
2020-05-24 19:24:00,207.785,-0.030000000000001137,-0.020000000000010232
2020-05-24 19:25:00,207.685,-0.024999999999977263,0.0
2020-05-24 19:26:00,207.635,-0.06999999999999318,-0.009999999999990905
2020-05-24 19:27:00,207.915,-0.060000000000002274,-0.06500000000002615
2020-05-24 19:28:00,207.945,0.009999999999990905,0.01999999999998181
2020-05-24 19:29:00,207.835,-0.020000000000010232,-0.009999999999990905
2020-05-24 19:30:00,207.935,-0.01999999999998181,0.0
2020-05-24 19:31:00,207.765,-0.040000000000020464,-0.010000000000019327
2020-05-24 19:32:00,207.565,0.0049999999999954525,0.01999999999998181
2020-05-24 19:33:00,207.60500000000002,0.0,0.0700000000000216
2020-05-24 19:34:00,206.89499999999998,0.009999999999990905,0.01999999999998181
2020-05-24 19:35:00,206.655,0.0,0.0
2020-05-24 19:36:00,206.905,-0.020000000000010232,-0.04999999999998295
2020-05-24 19:37:00,207.14499999999998,0.06999999999999318,0.05999999999997385
2020-05-24 19:38:00,207.225,-0.020000000000010232,0.030000000000001137
2020-05-24 19:39:00,207.345,0.009999999999990905,0.009999999999990905
2020-05-24 19:40:00,207.405,0.030000000000001137,0.010000000000019327
2020-05-24 19:41:00,207.14499999999998,0.009999999999990905,0.01999999999998181
2020-05-24 19:42:00,207.45499999999998,0.0,0.01999999999998181
2020-05-24 19:43:00,207.39499999999998,0.029999999999972715,0.04999999999998295
2020-05-24 19:44:00,207.245,-0.01999999999998181,0.030000000000001137
2020-05-24 19:45:00,207.075,-0.020000000000038654,-0.020000000000010232
2020-05-24 19:46:00,207.075,-0.040000000000020464,-0.03000000000002956
2020-05-24 19:47:00,207.085,-0.030000000000001137,-0.020000000000010232
2020-05-24 19:48:00,206.70499999999998,0.01999999999998181,0.03999999999999204
2020-05-24 19:49:00,206.845,0.0,0.009999999999990905
2020-05-24 19:50:00,206.97,0.025000000000005684,0.03499999999999659
2020-05-24 19:51:00,206.485,0.0,-0.01999999999998181
2020-05-24 19:52:00,206.54500000000002,0.020000000000010232,0.010000000000019327
2020-05-24 19:53:00,206.785,0.009999999999990905,0.009999999999990905
2020-05-24 19:54:00,206.715,0.0,0.030000000000001137
2020-05-24 19:55:00,206.755,-0.020000000000010232,-0.009999999999990905
2020-05-24 19:56:00,206.365,-0.029999999999972715,-0.009999999999990905
2020-05-24 19:57:00,206.45499999999998,0.009999999999990905,-0.010000000000019327
2020-05-24 19:58:00,206.085,0.020000000000010232,0.03999999999999204
2020-05-24 19:59:00,206.165,-0.020000000000010232,0.0
2020-05-24 20:00:00,205.965,0.030000000000001137,0.060000000000002274
2020-05-24 20:01:00,205.70499999999998,-0.020000000000010232,0.04999999999998295
2020-05-24 20:02:00,206.065,-0.060000000000002274,-0.014999999999986358
2020-05-24 20:03:00,206.415,-0.03999999999999204,0.009999999999990905
2020-05-24 20:04:00,206.245,-0.01999999999998181,0.030000000000001137
2020-05-24 20:05:00,206.275,-0.06999999999999318,0.0
2020-05-24 20:06:00,206.345,-0.05999999999997385,0.009999999999990905
2020-05-24 20:07:00,206.54500000000002,-0.08999999999997499,0.0
2020-05-24 20:08:00,206.615,-0.07999999999998408,0.020000000000010232
2020-05-24 20:09:00,206.60500000000002,-0.11999999999997613,0.010000000000019327
2020-05-24 20:10:00,206.64499999999998,-0.10000000000002274,0.04999999999998295
2020-05-24 20:11:00,206.775,-0.0800000000000125,-0.009999999999990905
2020-05-24 20:12:00,207.015,-0.03000000000002956,0.029999999999972715
2020-05-24 20:13:00,206.885,-0.10500000000001819,-0.020000000000010232
2020-05-24 20:14:00,206.965,-0.030000000000001137,0.030000000000001137
2020-05-24 20:15:00,206.995,-0.01999999999998181,0.009999999999990905
2020-05-24 20:16:00,206.835,-0.01500000000001478,0.030000000000001137
2020-05-24 20:17:00,206.835,-0.04999999999998295,-0.009999999999990905
2020-05-24 20:18:00,206.85500000000002,-0.029999999999972715,0.0
2020-05-24 20:19:00,206.885,-0.0800000000000125,-0.040000000000020464
2020-05-24 20:20:00,207.315,-0.009999999999990905,0.009999999999990905
2020-05-24 20:21:00,207.375,-0.060000000000002274,-0.030000000000001137
2020-05-24 20:22:00,207.435,-0.05000000000001137,0.030000000000001137
2020-05-24 20:23:00,207.335,-0.030000000000001137,-0.009999999999990905
2020-05-24 20:24:00,207.175,-0.029999999999972715,0.0
2020-05-24 20:25:00,207.155,0.0,0.030000000000001137
2020-05-24 20:26:00,206.965,0.0,0.0
2020-05-24 20:27:00,206.995,-0.03999999999999204,-0.01999999999998181
2020-05-24 20:28:00,207.215,-0.030000000000001137,-0.020000000000010232
2020-05-24 20:29:00,207.125,-0.05000000000001137,-0.030000000000001137
2020-05-24 20:30:00,207.095,-0.010000000000019327,0.009999999999990905
2020-05-24 20:31:00,207.035,0.0,0.020000000000010232
2020-05-24 20:32:00,207.10500000000002,0.010000000000019327,-0.01999999999998181
2020-05-24 20:33:00,207.025,-0.009999999999990905,0.010000000000019327
2020-05-24 20:34:00,207.10500000000002,-0.009999999999990905,-0.0049999999999954525
2020-05-24 20:35:00,207.025,-0.03999999999999204,-0.009999999999990905
2020-05-24 20:36:00,206.875,-0.01999999999998181,0.009999999999990905
2020-05-24 20:37:00,206.805,-0.01999999999998181,-0.009999999999990905
2020-05-24 20:38:00,206.825,-0.010000000000019327,0.009999999999990905
2020-05-24 20:39:00,206.875,-0.009999999999990905,0.0
2020-05-24 20:40:00,206.70499999999998,0.009999999999990905,0.029999999999972715
2020-05-24 20:41:00,206.635,0.0049999999999954525,0.009999999999990905
2020-05-24 20:42:00,206.835,-0.04999999999998295,-0.020000000000010232
2020-05-24 20:43:00,206.765,-0.03000000000002956,0.01999999999998181
2020-05-24 20:44:00,206.635,0.01999999999998181,0.03999999999999204
2020-05-24 20:45:00,206.635,0.009999999999990905,0.029999999999972715
2020-05-24 20:46:00,206.845,-0.020000000000010232,0.009999999999990905
2020-05-24 20:47:00,206.89499999999998,0.0,0.01999999999998181
2020-05-24 20:48:00,207.23000000000002,-0.024999999999977263,0.025000000000034106
2020-05-24 20:49:00,207.235,-0.009999999999990905,0.010000000000019327
2020-05-24 20:50:00,207.085,-0.0049999999999954525,0.010000000000019327
2020-05-24 20:51:00,207.10500000000002,-0.029999999999972715,0.03000000000002956
2020-05-24 20:52:00,207.175,-0.01999999999998181,-0.009999999999990905
2020-05-24 20:53:00,207.185,0.009999999999990905,0.0
2020-05-24 20:54:00,207.165,-0.030000000000001137,-0.030000000000001137
2020-05-24 20:55:00,207.065,0.024999999999977263,0.01999999999998181
2020-05-24 20:56:00,207.055,0.009999999999990905,0.020000000000010232
2020-05-24 20:57:00,207.245,-0.009999999999990905,-0.009999999999990905
2020-05-24 20:58:00,207.14499999999998,-0.020000000000010232,0.0
2020-05-24 20:59:00,207.025,0.030000000000001137,0.03999999999999204
2020-05-24 21:00:00,207.125,-0.009999999999990905,0.009999999999990905
2020-05-24 21:01:00,206.875,0.01999999999998181,0.030000000000001137
2020-05-24 21:02:00,206.735,0.0,0.010000000000019327
2020-05-24 21:03:00,206.825,-0.010000000000019327,0.009999999999990905
2020-05-24 21:04:00,206.835,-0.030000000000001137,0.020000000000010232
2020-05-24 21:05:00,207.075,-0.020000000000010232,0.01999999999998181
2020-05-24 21:06:00,207.115,-0.009999999999990905,0.0
2020-05-24 21:07:00,206.905,0.030000000000001137,0.03999999999999204
2020-05-24 21:08:00,206.865,0.0,0.040000000000020464
2020-05-24 21:09:00,206.835,0.020000000000010232,0.05000000000001137
2020-05-24 21:10:00,206.735,0.020000000000010232,0.020000000000010232
2020-05-24 21:11:00,206.815,0.009999999999990905,0.05000000000001137
2020-05-24 21:12:00,206.755,0.0,0.01999999999998181
2020-05-24 21:13:00,206.625,0.030000000000001137,0.060000000000002274
2020-05-24 21:14:00,206.79500000000002,-0.01999999999998181,0.010000000000019327
2020-05-24 21:15:00,206.935,-0.009999999999990905,0.020000000000010232
2020-05-24 21:16:00,206.775,0.010000000000019327,0.020000000000010232
2020-05-24 21:17:00,206.935,0.0,0.009999999999990905
2020-05-24 21:18:00,206.965,-0.020000000000010232,0.0
2020-05-24 21:19:00,206.945,0.0,0.01999999999998181
2020-05-24 21:20:00,206.95499999999998,-0.020000000000010232,0.01999999999998181
2020-05-24 21:21:00,206.95499999999998,-0.010000000000019327,0.009999999999990905
2020-05-24 21:22:00,206.875,-0.01999999999998181,0.0
2020-05-24 21:23:00,206.825,-0.05000000000001137,0.0
2020-05-24 21:24:00,206.735,-0.04999999999998295,-0.009999999999990905
2020-05-24 21:25:00,206.60500000000002,0.0,0.03000000000002956
2020-05-24 21:26:00,206.535,0.0,0.009999999999990905
2020-05-24 21:27:00,206.60500000000002,0.0049999999999954525,0.0
2020-05-24 21:28:00,206.485,0.010000000000019327,0.020000000000010232
2020-05-24 21:29:00,206.60500000000002,-0.01999999999998181,0.0
2020-05-24 21:30:00,206.695,0.0,-0.009999999999990905
2020-05-24 21:31:00,206.64499999999998,0.009999999999990905,0.01999999999998181
2020-05-24 21:32:00,206.525,-0.009999999999990905,0.010000000000019327
2020-05-24 21:33:00,206.60500000000002,-0.01999999999998181,-0.009999999999990905
2020-05-24 21:34:00,206.865,0.0,0.009999999999990905
2020-05-24 21:35:00,207.075,0.0,0.029999999999972715
2020-05-24 21:36:00,206.905,0.025000000000005684,0.03999999999999204
2020-05-24 21:37:00,206.89499999999998,-0.0049999999999954525,0.01999999999998181
2020-05-24 21:38:00,206.905,-0.01500000000001478,-0.009999999999990905
2020-05-24 21:39:00,206.975,-0.020000000000010232,-0.030000000000001137
2020-05-24 21:40:00,207.015,-0.020000000000010232,0.0
2020-05-24 21:41:00,206.885,-0.040000000000020464,-0.030000000000001137
2020-05-24 21:42:00,206.85500000000002,0.040000000000020464,0.020000000000010232
2020-05-24 21:43:00,206.775,0.0,0.030000000000001137
2020-05-24 21:44:00,206.79500000000002,0.025000000000034106,0.03000000000002956
2020-05-24 21:45:00,206.775,-0.009999999999990905,0.010000000000019327
2020-05-24 21:46:00,206.505,0.01999999999998181,0.009999999999990905
2020-05-24 21:47:00,206.345,0.06999999999999318,0.060000000000002274
2020-05-24 21:48:00,206.285,0.009999999999990905,0.009999999999990905
2020-05-24 21:49:00,206.20499999999998,0.01999999999998181,0.03999999999999204
2020-05-24 21:50:00,205.815,0.045000000000015916,0.09999999999999432
2020-05-24 21:51:00,204.985,-0.03999999999999204,-0.05500000000000682
2020-05-24 21:52:00,205.035,-0.03999999999999204,0.0
2020-05-24 21:53:00,205.29500000000002,-0.009999999999990905,0.040000000000020464
2020-05-24 21:54:00,205.56,-0.009999999999990905,0.045000000000015916
2020-05-24 21:55:00,205.54500000000002,-0.029999999999972715,0.03000000000002956
2020-05-24 21:56:00,205.185,-0.01999999999998181,0.009999999999990905
2020-05-24 21:57:00,205.29500000000002,-0.04999999999998295,0.020000000000010232
2020-05-24 21:58:00,205.695,-0.030000000000001137,0.05000000000001137
2020-05-24 21:59:00,205.725,0.0,0.04999999999998295
2020-05-24 22:00:00,206.04000000000002,0.03000000000002956,0.08500000000003638
2020-05-24 22:01:00,203.905,-0.06999999999999318,0.010000000000019327
2020-05-24 22:02:00,204.445,-0.030000000000001137,0.05000000000001137
2020-05-24 22:03:00,204.54500000000002,-0.03999999999999204,0.040000000000020464
2020-05-24 22:04:00,204.85500000000002,-0.009999999999990905,0.020000000000010232
2020-05-24 22:05:00,204.865,-0.04999999999998295,-0.03999999999999204
2020-05-24 22:06:00,204.725,-0.03999999999999204,0.0
2020-05-24 22:07:00,204.575,-0.01500000000001478,0.029999999999972715
2020-05-24 22:08:00,204.865,-0.03999999999999204,0.009999999999990905
2020-05-24 22:09:00,204.785,-0.0700000000000216,-0.020000000000010232
2020-05-24 22:10:00,204.70499999999998,-0.05000000000001137,-0.010000000000019327
2020-05-24 22:11:00,204.745,-0.05000000000001137,0.040000000000020464
2020-05-24 22:12:00,204.625,-0.05000000000001137,0.030000000000001137
2020-05-24 22:13:00,204.515,-0.05000000000001137,0.0
2020-05-24 22:14:00,204.305,-0.060000000000002274,-0.030000000000001137
2020-05-24 22:15:00,204.945,-0.05000000000001137,-0.040000000000020464
2020-05-24 22:16:00,204.935,-0.060000000000002274,-0.03999999999999204
2020-05-24 22:17:00,204.785,-0.020000000000010232,-0.010000000000019327
2020-05-24 22:18:00,204.815,-0.030000000000001137,0.0
2020-05-24 22:19:00,205.135,-0.040000000000020464,-0.030000000000001137
2020-05-24 22:20:00,205.425,-0.06499999999999773,-0.03999999999999204
2020-05-24 22:21:00,205.335,-0.030000000000001137,0.0
2020-05-24 22:22:00,205.685,-0.05500000000000682,-0.045000000000015916
2020-05-24 22:23:00,205.575,-0.05000000000001137,-0.040000000000020464
2020-05-24 22:24:00,205.54500000000002,-0.03999999999999204,-0.029999999999972715
2020-05-24 22:25:00,205.445,-0.0800000000000125,-0.06499999999999773
2020-05-24 22:26:00,205.315,-0.020000000000010232,0.0
2020-05-24 22:27:00,205.515,-0.020000000000010232,0.0
2020-05-24 22:28:00,205.465,0.010000000000019327,0.010000000000019327
2020-05-24 22:29:00,205.60500000000002,-0.05999999999997385,-0.029999999999972715
2020-05-24 22:30:00,205.555,-0.03999999999999204,-0.009999999999990905
2020-05-24 22:31:00,205.255,-0.030000000000001137,-0.040000000000020464
2020-05-24 22:32:00,205.39499999999998,-0.03000000000002956,-0.040000000000020464
2020-05-24 22:33:00,205.435,-0.01999999999998181,-0.009999999999990905
2020-05-24 22:34:00,205.54500000000002,-0.029999999999972715,0.0
2020-05-24 22:35:00,205.625,0.009999999999990905,0.0
2020-05-24 22:36:00,205.425,-0.03999999999999204,-0.01999999999998181
2020-05-24 22:37:00,205.525,-0.060000000000002274,-0.009999999999990905
2020-05-24 22:38:00,205.175,-0.029999999999972715,0.03000000000002956
2020-05-24 22:39:00,205.305,-0.07999999999998408,-0.060000000000002274
2020-05-24 22:40:00,205.505,-0.06999999999999318,-0.060000000000002274
2020-05-24 22:41:00,205.765,-0.03000000000002956,-0.020000000000010232
2020-05-24 22:42:00,205.625,-0.03999999999999204,-0.030000000000001137
2020-05-24 22:43:00,205.64499999999998,-0.05000000000001137,-0.040000000000020464
2020-05-24 22:44:00,205.615,-0.06999999999999318,-0.03999999999999204
2020-05-24 22:45:00,205.825,-0.060000000000002274,-0.05000000000001137
2020-05-24 22:46:00,205.875,-0.05500000000000682,-0.030000000000001137
2020-05-24 22:47:00,205.875,-0.060000000000002274,-0.01999999999998181
2020-05-24 22:48:00,205.70499999999998,-0.03000000000002956,-0.020000000000010232
2020-05-24 22:49:00,205.335,-0.020000000000010232,-0.03999999999999204
2020-05-24 22:50:00,205.615,-0.03999999999999204,-0.029999999999972715
2020-05-24 22:51:00,205.60500000000002,-0.009999999999990905,0.020000000000010232
2020-05-24 22:52:00,205.64499999999998,-0.05000000000001137,-0.040000000000020464
2020-05-24 22:53:00,205.47,-0.020000000000010232,-0.0049999999999954525
2020-05-24 22:54:00,205.575,-0.040000000000020464,-0.020000000000010232
2020-05-24 22:55:00,205.755,-0.040000000000020464,-0.030000000000001137
2020-05-24 22:56:00,205.695,0.0,0.01999999999998181
2020-05-24 22:57:00,205.715,-0.04999999999998295,-0.04999999999998295
2020-05-24 22:58:00,205.79500000000002,-0.029999999999972715,-0.01999999999998181
2020-05-24 22:59:00,205.815,-0.06999999999999318,-0.009999999999990905
2020-05-24 23:00:00,205.805,-0.009999999999990905,0.009999999999990905
2020-05-24 23:01:00,205.505,0.01999999999998181,0.030000000000001137
2020-05-24 23:02:00,205.335,-0.03999999999999204,-0.020000000000010232
2020-05-24 23:03:00,205.195,-0.040000000000020464,-0.030000000000001137
2020-05-24 23:04:00,205.365,-0.060000000000002274,-0.03999999999999204
2020-05-24 23:05:00,205.35500000000002,-0.03999999999996362,-0.01999999999998181
2020-05-24 23:06:00,205.325,-0.010000000000019327,0.01999999999998181
2020-05-24 23:07:00,205.305,-0.01999999999998181,0.009999999999990905
2020-05-24 23:08:00,205.265,-0.060000000000002274,-0.010000000000019327
2020-05-24 23:09:00,204.965,-0.03999999999999204,-0.009999999999990905
2020-05-24 23:10:00,205.095,-0.010000000000019327,0.009999999999990905
2020-05-24 23:11:00,205.335,-0.030000000000001137,-0.020000000000010232
2020-05-24 23:12:00,205.255,0.01999999999998181,0.01999999999998181
2020-05-24 23:13:00,205.305,-0.030000000000001137,0.0
2020-05-24 23:14:00,205.14499999999998,-0.010000000000019327,0.0
2020-05-24 23:15:00,204.89499999999998,-0.020000000000010232,0.009999999999990905
2020-05-24 23:16:00,204.99,-0.030000000000001137,-0.024999999999977263
2020-05-24 23:17:00,205.235,-0.01999999999998181,-0.009999999999990905
2020-05-24 23:18:00,205.245,-0.030000000000001137,0.009999999999990905
2020-05-24 23:19:00,205.485,-0.09999999999999432,-0.01999999999998181
2020-05-24 23:20:00,205.745,-0.06999999999999318,0.030000000000001137
2020-05-24 23:21:00,205.685,-0.045000000000015916,-0.01999999999998181
2020-05-24 23:22:00,205.815,-0.040000000000020464,0.009999999999990905
2020-05-24 23:23:00,205.85500000000002,-0.05999999999997385,0.0
2020-05-24 23:24:00,206.245,-0.05000000000001137,-0.009999999999990905
2020-05-24 23:25:00,206.345,-0.060000000000002274,-0.020000000000010232
2020-05-24 23:26:00,206.235,-0.029999999999972715,-0.01999999999998181
2020-05-24 23:27:00,206.195,0.009999999999990905,0.009999999999990905
2020-05-24 23:28:00,206.185,0.020000000000010232,0.030000000000001137
2020-05-24 23:29:00,206.565,0.0,0.01999999999998181
2020-05-24 23:30:00,206.325,-0.010000000000019327,0.0
2020-05-24 23:31:00,206.425,-0.009999999999990905,0.0
2020-05-24 23:32:00,206.375,-0.009999999999990905,0.030000000000001137
2020-05-24 23:33:00,206.655,-0.009999999999990905,0.030000000000001137
2020-05-24 23:34:00,206.735,-0.009999999999990905,0.03000000000002956
2020-05-24 23:35:00,206.655,0.020000000000010232,0.020000000000010232
2020-05-24 23:36:00,206.585,-0.009999999999990905,0.0
2020-05-24 23:37:00,206.585,0.010000000000019327,0.020000000000010232
2020-05-24 23:38:00,206.60500000000002,0.040000000000020464,0.060000000000002274
2020-05-24 23:39:00,206.615,0.020000000000010232,0.040000000000020464
2020-05-24 23:40:00,206.665,0.020000000000010232,0.020000000000010232
2020-05-24 23:41:00,206.525,0.020000000000010232,0.05000000000001137
2020-05-24 23:42:00,206.615,0.025000000000005684,0.020000000000010232
2020-05-24 23:43:00,206.445,0.030000000000001137,0.03999999999999204
2020-05-24 23:44:00,206.415,0.01500000000001478,0.030000000000001137
2020-05-24 23:45:00,206.515,-0.03000000000002956,0.01999999999998181
2020-05-24 23:46:00,206.575,-0.03000000000002956,0.029999999999972715
2020-05-24 23:47:00,206.665,0.0,0.030000000000001137
2020-05-24 23:48:00,206.485,0.0,0.010000000000019327
2020-05-24 23:49:00,206.54500000000002,0.0,0.020000000000010232
2020-05-24 23:50:00,206.54500000000002,0.020000000000010232,0.010000000000019327
2020-05-24 23:51:00,206.325,-0.005000000000023874,0.01999999999998181
2020-05-24 23:52:00,206.385,0.0,0.060000000000002274
2020-05-24 23:53:00,206.29500000000002,0.03000000000002956,0.040000000000020464
2020-05-24 23:54:00,206.10500000000002,0.040000000000020464,0.05000000000001137
2020-05-24 23:55:00,205.995,0.020000000000010232,0.0
2020-05-24 23:56:00,206.025,0.030000000000001137,0.03999999999999204
2020-05-24 23:57:00,205.905,0.020000000000010232,0.010000000000019327
2020-05-24 23:58:00,205.905,-0.009999999999990905,-0.009999999999990905
2020-05-24 23:59:00,205.925,-0.01999999999998181,0.0
