timestamp,open,high,low,close
2021-01-20 01:33:00,-0.0061755,0.00014049999999998786,-0.0061755,1.0000000000065512e-05
2021-01-20 01:34:00,1.0000000000065512e-05,0.00019099999999999673,-0.00030600000000002847,-9.250000000005087e-05
2021-01-20 01:35:00,0.000807499999999961,0.000807499999999961,-0.0002989999999999937,4.700000000001925e-05
2021-01-20 01:36:00,-0.00016800000000000148,0.000132000000000021,-0.00045250000000007784,-1.2999999999985246e-05
2021-01-20 01:37:00,-9.950000000003012e-05,0.00023200000000000998,-9.950000000003012e-05,3.2000000000032e-05
2021-01-20 01:38:00,3.2000000000032e-05,6.700000000003925e-05,-6.799999999995698e-05,-6.799999999995698e-05
2021-01-20 01:39:00,,,,
2021-01-20 01:40:00,,,,
2021-01-20 01:41:00,6.749999999999812e-05,0.00022649999999996284,-0.00011800000000000699,4.7499999999978115e-05
2021-01-20 01:42:00,,,,
2021-01-20 01:43:00,,,,
2021-01-20 01:44:00,0.0001080000000000525,0.00024050000000003235,-0.00014299999999994872,-6.299999999997974e-05
2021-01-20 01:45:00,-0.00010799999999999699,0.0001455000000000206,-0.00010799999999999699,7.350000000005963e-05
2021-01-20 01:46:00,-0.0010014999999999885,0.00033650000000007285,-0.0010014999999999885,-5.650000000001487e-05
2021-01-20 01:47:00,-8.150000000001212e-05,0.00018199999999995997,-8.649999999998936e-05,0.0001814999999999456
2021-01-20 01:48:00,0.0010215000000000085,0.0010215000000000085,4.0000000000040004e-05,4.0000000000040004e-05
2021-01-20 01:49:00,,,,
2021-01-20 01:50:00,1.7500000000003624e-05,8.999999999997899e-05,-0.00011549999999999061,4.650000000000487e-05
2021-01-20 01:51:00,,,,
2021-01-20 01:52:00,-0.00012650000000002937,-4.0000000000040004e-05,-0.00012650000000002937,-6.650000000002487e-05
2021-01-20 01:53:00,-6.650000000002487e-05,8.349999999995861e-05,-0.00010050000000000336,-4.099999999995774e-05
2021-01-20 01:54:00,-0.0008309999999999707,-6.250000000002087e-05,-0.0008309999999999707,-6.749999999999812e-05
2021-01-20 01:55:00,,,,
2021-01-20 01:56:00,,,,
2021-01-20 01:57:00,8.799999999997699e-05,0.00013299999999993872,-6.500000000020378e-06,5.700000000002925e-05
2021-01-20 01:58:00,6.699999999998374e-05,0.0001474999999999671,2.0999999999993246e-05,2.7499999999958114e-05
2021-01-20 01:59:00,0.0001774999999999416,0.0001774999999999416,-2.449999999998287e-05,7.899999999994023e-05
2021-01-20 02:00:00,,,,
2021-01-20 02:01:00,,,,
2021-01-20 02:02:00,0.0008639999999999759,0.0008889999999999731,-5.850000000001687e-05,5.0000000000050004e-05
2021-01-20 02:03:00,,,,
2021-01-20 02:04:00,,,,
2021-01-20 02:05:00,,,,
2021-01-20 02:06:00,-0.0006785000000000263,5.999999999950489e-06,-0.0006785000000000263,-0.00010349999999997861
2021-01-20 02:07:00,,,,
2021-01-20 02:08:00,0.0007115000000000316,0.0007165000000000088,-1.799999999996249e-05,-1.799999999996249e-05
2021-01-20 02:09:00,,,,
2021-01-20 02:10:00,,,,
2021-01-20 02:11:00,0.00018200000000001548,0.00019099999999994122,-0.00017849999999997035,-6.749999999999812e-05
2021-01-20 02:12:00,,,,
2021-01-20 02:13:00,,,,
2021-01-20 02:14:00,-0.00021100000000001673,4.7500000000033626e-05,-0.0002375000000000016,-2.9000000000001247e-05
2021-01-20 02:15:00,,,,
2021-01-20 02:16:00,-0.0003340000000000565,9.950000000003012e-05,-0.0003340000000000565,-0.00011150000000004212
2021-01-20 02:17:00,-0.00011150000000004212,9.80000000000425e-05,-0.00016900000000003024,-0.0001315000000000066
2021-01-20 02:18:00,-0.0003315000000000401,-3.700000000000925e-05,-0.00033650000000001734,-7.449999999997736e-05
2021-01-20 02:19:00,0.0005155000000000021,0.0005205000000000348,-9.199999999998099e-05,-9.199999999998099e-05
2021-01-20 02:20:00,,,,
2021-01-20 02:21:00,,,,
2021-01-20 02:22:00,,,,
2021-01-20 02:23:00,,,,
2021-01-20 02:24:00,0.0008119999999999794,0.0008119999999999794,5.899999999997574e-05,0.00027450000000001085
2021-01-20 02:25:00,,,,
2021-01-20 02:26:00,7.449999999997736e-05,7.449999999997736e-05,-9.850000000000136e-05,-8.350000000001412e-05
2021-01-20 02:27:00,1.4999999999987246e-05,0.00018249999999997435,-7.250000000003087e-05,-4.850000000000687e-05
2021-01-20 02:28:00,,,,
2021-01-20 02:29:00,-5.000000000032756e-06,6.999999999979245e-06,-0.0001815000000000011,-4.2000000000042004e-05
2021-01-20 02:30:00,0.0005029999999999757,0.0005029999999999757,-0.00011249999999995985,-2.2499999999925357e-05
2021-01-20 02:31:00,,,,
2021-01-20 02:32:00,0.00011150000000004212,0.00011650000000007488,-0.00016399999999999748,-2.650000000004038e-05
2021-01-20 02:33:00,-2.650000000004038e-05,0.00010399999999999299,-7.699999999999374e-05,2.500000000016378e-06
2021-01-20 02:34:00,2.500000000016378e-06,0.00012050000000002337,-7.849999999998136e-05,6.749999999999812e-05
2021-01-20 02:35:00,0.0005125000000000268,0.0005125000000000268,-1.850000000003238e-05,-8.999999999981245e-06
2021-01-20 02:36:00,,,,
2021-01-20 02:37:00,,,,
2021-01-20 02:38:00,,,,
2021-01-20 02:39:00,-8.399999999997299e-05,3.050000000004438e-05,-0.00019399999999997197,-4.450000000000287e-05
2021-01-20 02:40:00,0.00012050000000002337,0.00012050000000002337,-9.850000000000136e-05,-3.7499999999968114e-05
2021-01-20 02:41:00,,,,
2021-01-20 02:42:00,,,,
2021-01-20 02:43:00,,,,
2021-01-20 02:44:00,0.0004709999999999437,0.0004709999999999437,-0.00023699999999998722,-0.0001854999999999496
2021-01-20 02:45:00,,,,
2021-01-20 02:46:00,,,,
2021-01-20 02:47:00,,,,
2021-01-20 02:48:00,,,,
2021-01-20 02:49:00,,,,
2021-01-20 02:50:00,8.850000000004687e-05,8.850000000004687e-05,-4.849999999995136e-05,-4.849999999995136e-05
2021-01-20 02:51:00,-0.00016499999999997073,-0.00015999999999993797,-0.00016499999999997073,-0.00015999999999993797
2021-01-20 02:52:00,,,,
2021-01-20 02:53:00,,,,
2021-01-20 02:54:00,,,,
2021-01-20 02:55:00,,,,
2021-01-20 02:56:00,,,,
2021-01-20 02:57:00,,,,
2021-01-20 02:58:00,,,,
2021-01-20 02:59:00,,,,
2021-01-20 03:00:00,,,,
2021-01-20 03:01:00,,,,
2021-01-20 03:02:00,,,,
2021-01-20 03:03:00,0.0002254999999999896,0.0002254999999999896,-1.0500000000024379e-05,-1.0500000000024379e-05
2021-01-20 03:04:00,,,,
2021-01-20 03:05:00,-0.00072549999999999,9.349999999996861e-05,-0.0008104999999999918,5.999999999950489e-06
2021-01-20 03:06:00,,,,
2021-01-20 03:07:00,0.00039250000000001783,0.0004175000000000706,-5.049999999995336e-05,-5.049999999995336e-05
2021-01-20 03:08:00,-4.5500000000031626e-05,0.0001694999999999891,-0.0002989999999999937,3.100000000005876e-05
2021-01-20 03:09:00,,,,
2021-01-20 03:10:00,0.0006210000000000382,0.0006210000000000382,-0.00016899999999997473,-0.00016499999999997073
2021-01-20 03:11:00,,,,
2021-01-20 03:12:00,-0.0005800000000000249,0.00018699999999999273,-0.0005800000000000249,8.950000000002012e-05
2021-01-20 03:13:00,,,,
2021-01-20 03:14:00,,,,
2021-01-20 03:15:00,-1.2000000000012001e-05,1.0000000000287557e-06,-0.00018600000000001948,-1.650000000003038e-05
2021-01-20 03:16:00,,,,
2021-01-20 03:17:00,-0.0009315000000000295,4.7500000000033626e-05,-0.0009315000000000295,-9.499999999995623e-06
2021-01-20 03:18:00,1.5500000000001624e-05,1.5500000000001624e-05,-0.00013050000000003337,-0.00011749999999999261
2021-01-20 03:19:00,,,,
2021-01-20 03:20:00,0.0002375000000000016,0.0002575000000000216,-0.00031800000000004047,-0.0001994999999999636
2021-01-20 03:21:00,0.00029050000000002685,0.00037050000000005134,-0.00013199999999996548,0.00015099999999995672
2021-01-20 03:22:00,4.299999999995974e-05,0.00012850000000003137,-0.00022049999999995684,-0.00022049999999995684
2021-01-20 03:23:00,,,,
2021-01-20 03:24:00,-0.0012105000000000032,-0.00019649999999998835,-0.0012204999999999577,-0.0003660000000000885
2021-01-20 03:25:00,,,,
2021-01-20 03:26:00,,,,
2021-01-20 03:27:00,,,,
2021-01-20 03:28:00,,,,
2021-01-20 03:29:00,,,,
2021-01-20 03:30:00,,,,
2021-01-20 03:31:00,,,,
2021-01-20 03:32:00,,,,
2021-01-20 03:33:00,,,,
2021-01-20 03:34:00,,,,
2021-01-20 03:35:00,-0.001631500000000008,-0.00021650000000000835,-0.0017564999999999942,-0.00022650000000001835
2021-01-20 03:36:00,-0.00022650000000001835,8.249999999998536e-05,-0.0002930000000000432,8.249999999998536e-05
2021-01-20 03:37:00,-0.00023499999999998522,-0.00014999999999998348,-0.00023499999999998522,-0.00015399999999998748
2021-01-20 03:38:00,,,,
2021-01-20 03:39:00,,,,
2021-01-20 03:40:00,0.0010864999999999903,0.0010864999999999903,-0.0002769999999999717,-2.999999999997449e-05
2021-01-20 03:41:00,,,,
2021-01-20 03:42:00,,,,
2021-01-20 03:43:00,,,,
2021-01-20 03:44:00,,,,
2021-01-20 03:45:00,,,,
2021-01-20 03:46:00,,,,
2021-01-20 03:47:00,,,,
2021-01-20 03:48:00,,,,
2021-01-20 03:49:00,,,,
2021-01-20 03:50:00,,,,
2021-01-20 03:51:00,,,,
2021-01-20 03:52:00,-0.0009705000000000408,0.0001634999999999831,-0.0009705000000000408,-1.5500000000001624e-05
2021-01-20 03:53:00,,,,
2021-01-20 03:54:00,,,,
2021-01-20 03:55:00,,,,
2021-01-20 03:56:00,-2.449999999998287e-05,0.00019249999999998435,-0.00015899999999996473,-2.000000000002e-06
2021-01-20 03:57:00,,,,
2021-01-20 03:58:00,6.0000000000060005e-06,1.5500000000001624e-05,-0.0001255000000000006,-5.099999999996774e-05
2021-01-20 03:59:00,,,,
2021-01-20 04:00:00,,,,
2021-01-20 04:01:00,,,,
2021-01-20 04:02:00,-4.8000000000048004e-05,0.00020999999999998797,-7.499999999999174e-05,-7.499999999999174e-05
2021-01-20 04:03:00,,,,
2021-01-20 04:04:00,-0.0010999999999999899,0.0002515000000000156,-0.0011099999999999999,5.000000000032756e-06
2021-01-20 04:05:00,,,,
2021-01-20 04:06:00,,,,
2021-01-20 04:07:00,-2.049999999997887e-05,0.0001754999999999951,-2.049999999997887e-05,2.0000000000575113e-06
2021-01-20 04:08:00,,,,
2021-01-20 04:09:00,,,,
2021-01-20 04:10:00,,,,
2021-01-20 04:11:00,,,,
2021-01-20 04:12:00,-0.00021050000000000235,0.0001354999999999551,-0.00030850000000004485,2.9500000000015625e-05
2021-01-20 04:13:00,,,,
2021-01-20 04:14:00,,,,
2021-01-20 04:15:00,,,,
2021-01-20 04:16:00,0.0009199999999999764,0.0009199999999999764,-2.3000000000050758e-05,2.7499999999958114e-05
2021-01-20 04:17:00,6.199999999995098e-05,0.00011699999999997823,2.199999999996649e-05,0.00011699999999997823
2021-01-20 04:18:00,,,,
2021-01-20 04:19:00,,,,
2021-01-20 04:20:00,,,,
2021-01-20 04:21:00,0.0005964999999999998,0.0006015000000000326,-5.799999999994698e-05,-4.299999999995974e-05
2021-01-20 04:22:00,,,,
2021-01-20 04:23:00,-0.0008730000000000127,-3.4999999999896225e-06,-0.0008730000000000127,-3.4999999999896225e-06
2021-01-20 04:24:00,-0.0006375000000000131,0.00011099999999997223,-0.0006375000000000131,-1.1499999999942112e-05
2021-01-20 04:25:00,3.700000000006476e-05,4.199999999998649e-05,-0.00013050000000003337,-6.550000000005163e-05
2021-01-20 04:26:00,,,,
2021-01-20 04:27:00,,,,
2021-01-20 04:28:00,,,,
2021-01-20 04:29:00,0.0012520000000000309,0.0012520000000000309,-0.0003330000000000277,1.3499999999999623e-05
2021-01-20 04:30:00,0.0002535000000000176,0.0002535000000000176,-0.00039600000000000746,-1.2000000000012001e-05
2021-01-20 04:31:00,,,,
2021-01-20 04:32:00,-0.0003029999999999977,5.850000000001687e-05,-0.0003429999999999822,5.850000000001687e-05
2021-01-20 04:33:00,,,,
2021-01-20 04:34:00,,,,
2021-01-20 04:35:00,,,,
2021-01-20 04:36:00,-6.749999999999812e-05,-1.7500000000003624e-05,-6.749999999999812e-05,-6.249999999996536e-05
2021-01-20 04:37:00,,,,
2021-01-20 04:38:00,,,,
2021-01-20 04:39:00,0.0002175000000000371,0.0002615000000000256,-6.199999999995098e-05,0.00024599999999996847
2021-01-20 04:40:00,,,,
2021-01-20 04:41:00,,,,
2021-01-20 04:42:00,2.3500000000009624e-05,8.60000000000305e-05,-4.599999999999049e-05,8.60000000000305e-05
2021-01-20 04:43:00,,,,
2021-01-20 04:44:00,-0.00043399999999993444,8.60000000000305e-05,-0.00043399999999993444,-4.0000000000040004e-05
2021-01-20 04:45:00,-4.0000000000040004e-05,1.999999999996449e-05,-8.150000000001212e-05,1.4999999999987246e-05
2021-01-20 04:46:00,-0.00020999999999998797,5.000000000143778e-07,-0.00020999999999998797,-4.300000000001525e-05
2021-01-20 04:47:00,,,,
2021-01-20 04:48:00,,,,
2021-01-20 04:49:00,,,,
2021-01-20 04:50:00,0.001556999999999975,0.001566999999999985,-3.500000000000725e-05,-3.199999999997649e-05
2021-01-20 04:51:00,,,,
2021-01-20 04:52:00,-0.0007169999999999677,0.00011550000000004612,-0.0007169999999999677,3.500000000000725e-05
2021-01-20 04:53:00,4.999999999977245e-06,9.550000000002612e-05,-1.999999999996449e-05,-8.499999999966867e-06
2021-01-20 04:54:00,-8.499999999966867e-06,-3.4999999999896225e-06,-6.299999999997974e-05,-3.0000000000030003e-05
2021-01-20 04:55:00,,,,
2021-01-20 04:56:00,,,,
2021-01-20 04:57:00,,,,
2021-01-20 04:58:00,-0.0006670000000000287,-7.000000000034756e-06,-0.0006670000000000287,-0.00020999999999998797
2021-01-20 04:59:00,0.0,5.000000000032756e-06,-0.00016799999999994597,-0.00010549999999998061
2021-01-20 05:00:00,,,,
2021-01-20 05:01:00,,,,
2021-01-20 05:02:00,-0.0009315000000000295,1.0999999999983245e-05,-0.0009315000000000295,-8.599999999997499e-05
2021-01-20 05:03:00,,,,
2021-01-20 05:04:00,,,,
2021-01-20 05:05:00,,,,
2021-01-20 05:06:00,-0.0004669999999999952,-7.999999999996898e-05,-0.0004669999999999952,-0.0002415000000000056
2021-01-20 05:07:00,,,,
2021-01-20 05:08:00,,,,
2021-01-20 05:09:00,2.3500000000009624e-05,3.1500000000017625e-05,-0.0003675000000000206,-2.0999999999993246e-05
2021-01-20 05:10:00,0.00011899999999998023,0.00011899999999998023,-1.0000000000010001e-05,-1.0000000000010001e-05
2021-01-20 05:11:00,,,,
2021-01-20 05:12:00,-0.0004450000000000287,0.0003654999999999631,-0.0004450000000000287,1.2000000000012001e-05
2021-01-20 05:13:00,-0.0003930000000000877,9.399999999998299e-05,-0.0003930000000000877,-0.00010450000000006288
2021-01-20 05:14:00,,,,
2021-01-20 05:15:00,-2.9500000000015625e-05,3.249999999999087e-05,-0.00010650000000000936,-7.000000000034756e-06
2021-01-20 05:16:00,,,,
2021-01-20 05:17:00,-0.0011660000000000004,4.500000000007276e-05,-0.0011660000000000004,-1.999999999996449e-05
2021-01-20 05:18:00,-9.499999999995623e-06,8.550000000001612e-05,-0.00022699999999997722,-8.700000000000374e-05
2021-01-20 05:19:00,-8.199999999997098e-05,1.4500000000028379e-05,-0.0002594999999999681,-4.999999999588667e-07
2021-01-20 05:20:00,,,,
2021-01-20 05:21:00,0.00012449999999997186,0.00019400000000002748,-0.00022100000000002673,9.300000000000974e-05
2021-01-20 05:22:00,,,,
2021-01-20 05:23:00,,,,
2021-01-20 05:24:00,,,,
2021-01-20 05:25:00,5.050000000006438e-05,0.00023249999999996884,4.700000000001925e-05,0.00014249999999998986
2021-01-20 05:26:00,,,,
2021-01-20 05:27:00,0.0008225000000000038,0.0009025000000000283,-0.00013649999999998386,4.5500000000031626e-05
2021-01-20 05:28:00,,,,
2021-01-20 05:29:00,,,,
2021-01-20 05:30:00,0.0003884999999999583,0.0003884999999999583,-0.0001894999999999536,-6.999999999979245e-06
2021-01-20 05:31:00,-5.500000000002725e-05,-2.5000000000052758e-05,-5.500000000002725e-05,-2.5000000000052758e-05
2021-01-20 05:32:00,,,,
2021-01-20 05:33:00,-5.3999999999998494e-05,5.500000000047134e-06,-0.0001674999999999871,5.500000000047134e-06
2021-01-20 05:34:00,,,,
2021-01-20 05:35:00,0.0007404999999999773,0.0007404999999999773,-0.00015699999999996272,0.00012049999999996786
2021-01-20 05:36:00,0.00023049999999996684,0.00023049999999996684,-0.00012850000000003137,1.4499999999972868e-05
2021-01-20 05:37:00,,,,
2021-01-20 05:38:00,,,,
2021-01-20 05:39:00,,,,
2021-01-20 05:40:00,,,,
2021-01-20 05:41:00,-0.0001314999999999511,4.450000000000287e-05,-0.0001314999999999511,9.500000000051134e-06
2021-01-20 05:42:00,,,,
2021-01-20 05:43:00,2.3499999999954113e-05,0.00013449999999998186,-4.250000000000087e-05,1.2000000000012001e-05
2021-01-20 05:44:00,1.2000000000012001e-05,1.2000000000012001e-05,-2.8000000000028002e-05,-7.499999999993623e-06
2021-01-20 05:45:00,-0.00013050000000003337,-3.5000000000451337e-06,-0.00018850000000003586,-7.500000000049134e-06
2021-01-20 05:46:00,0.00010099999999996223,0.00012449999999997186,-1.2000000000012001e-05,7.000000000034756e-06
2021-01-20 05:47:00,,,,
2021-01-20 05:48:00,,,,
2021-01-20 05:49:00,0.0004910000000000192,0.0004910000000000192,-0.00018799999999996597,2.449999999998287e-05
2021-01-20 05:50:00,8.450000000004287e-05,8.450000000004287e-05,-0.00022699999999997722,-1.4999999999876223e-06
2021-01-20 05:51:00,0.0006435000000000191,0.0006435000000000191,-4.9499999999980115e-05,-4.9499999999980115e-05
2021-01-20 05:52:00,,,,
2021-01-20 05:53:00,-0.0001995000000000191,5.050000000000887e-05,-0.00031449999999999534,-5.5499999999986116e-05
2021-01-20 05:54:00,4.500000000001725e-05,0.00011050000000001337,4.500000000001725e-05,0.00011050000000001337
2021-01-20 05:55:00,,,,
2021-01-20 05:56:00,0.0005405000000000548,0.0005405000000000548,-0.00016399999999999748,-4.599999999999049e-05
2021-01-20 05:57:00,,,,
2021-01-20 05:58:00,-4.100000000006876e-05,0.0003555000000000641,-0.0001194999999999391,0.000136000000000025
2021-01-20 05:59:00,3.599999999998049e-05,7.050000000002887e-05,-9.850000000000136e-05,4.0000000000595115e-06
2021-01-20 06:00:00,4.0000000000595115e-06,0.0004325000000000023,-0.0004210000000000047,-0.000158000000000047
2021-01-20 06:01:00,-0.0005080000000000084,0.0001674999999999871,-0.0005729999999999902,-8.749999999996261e-05
2021-01-20 06:02:00,,,,
2021-01-20 06:03:00,,,,
2021-01-20 06:04:00,,,,
2021-01-20 06:05:00,-0.0005625000000000213,0.0002589999999999537,-0.0005625000000000213,-8.249999999998536e-05
2021-01-20 06:06:00,-0.0003924999999999623,-2.500000000016378e-06,-0.0003924999999999623,-0.00023250000000002435
2021-01-20 06:07:00,-0.0001955000000000151,0.00019650000000004386,-0.0002855000000000496,-0.00012050000000002337
2021-01-20 06:08:00,-0.0006555000000000311,0.00022049999999995684,-0.0006605000000000083,-0.0005140000000000144
2021-01-20 06:09:00,,,,
2021-01-20 06:10:00,,,,
2021-01-20 06:11:00,-0.00017150000000004662,-3.0000000000085514e-05,-0.00023200000000000998,-3.0000000000085514e-05
2021-01-20 06:12:00,-3.0000000000085514e-05,0.00012050000000002337,-0.00019299999999994322,6.500000000020378e-06
2021-01-20 06:13:00,1.1499999999997623e-05,8.650000000004487e-05,-0.00012849999999997586,-0.00010849999999995585
2021-01-20 06:14:00,0.00026650000000000285,0.00026650000000000285,-0.00020799999999998597,-0.00011850000000002137
2021-01-20 06:15:00,-0.00011850000000002137,0.0008129999999999526,-0.0003155000000000241,-9.60000000000405e-05
2021-01-20 06:16:00,-9.60000000000405e-05,0.00019899999999994922,-0.0006289999999999907,-0.00021699999999996722
2021-01-20 06:17:00,-0.00021699999999996722,0.000124000000000013,-0.00035250000000003334,-8.000000000008e-06
2021-01-20 06:18:00,0.0008869999999999711,0.0009169999999999456,-0.00021250000000005986,-8.099999999999774e-05
2021-01-20 06:19:00,0.0002789999999999737,0.00028399999999995096,-0.00027800000000000047,-0.00013449999999998186
2021-01-20 06:20:00,,,,
2021-01-20 06:21:00,,,,
2021-01-20 06:22:00,-7.050000000002887e-05,6.699999999998374e-05,-0.0001454999999999651,-7.299999999998974e-05
2021-01-20 06:23:00,-0.0001375000000000126,8.60000000000305e-05,-0.0002889999999999837,1.6999999999989246e-05
2021-01-20 06:24:00,1.7500000000003624e-05,0.0001474999999999671,-2.4000000000024002e-05,-2.4000000000024002e-05
2021-01-20 06:25:00,-2.5500000000011624e-05,8.750000000001812e-05,-0.0001954999999999596,-1.0000000000010001e-05
2021-01-20 06:26:00,,,,
2021-01-20 06:27:00,0.0010600000000000054,0.0010600000000000054,8.950000000002012e-05,9.450000000005288e-05
2021-01-20 06:28:00,-0.00030049999999998134,-7.000000000034756e-06,-0.00030049999999998134,-7.000000000034756e-06
2021-01-20 06:29:00,3.9499999999970115e-05,3.9499999999970115e-05,2.9500000000015625e-05,2.9500000000015625e-05
2021-01-20 06:30:00,2.9500000000015625e-05,0.00016499999999997073,-0.00012199999999995548,7.499999999993623e-06
2021-01-20 06:31:00,7.499999999993623e-06,0.0004824999999999968,-0.0001674999999999871,3.3500000000019625e-05
2021-01-20 06:32:00,-6.499999999964867e-06,0.0007355000000000556,-0.00014250000000004537,-2.0000000000020002e-05
2021-01-20 06:33:00,-2.050000000008989e-05,0.00015499999999996072,-7.550000000000612e-05,8.299999999994423e-05
2021-01-20 06:34:00,-0.00010599999999999499,7.899999999999574e-05,-0.0001734999999999931,-6.499999999998174e-05
2021-01-20 06:35:00,0.00020999999999998797,0.00021499999999996522,-6.950000000005563e-05,4.899999999996574e-05
2021-01-20 06:36:00,-2.049999999997887e-05,0.00016450000000001186,-2.9500000000015625e-05,4.500000000001725e-05
2021-01-20 06:37:00,4.500000000001725e-05,9.549999999997061e-05,-0.0001194999999999391,5.499999999991623e-06
2021-01-20 06:38:00,-0.0007494999999999585,-8.000000000008e-06,-0.0007494999999999585,-8.000000000008e-06
2021-01-20 06:39:00,,,,
2021-01-20 06:40:00,,,,
2021-01-20 06:41:00,,,,
2021-01-20 06:42:00,-4.7499999999978115e-05,6.449999999996736e-05,-8.849999999999136e-05,3.6999999999953737e-05
2021-01-20 06:43:00,-2.1500000000007624e-05,2.650000000004038e-05,-4.8000000000048004e-05,-2.6000000000081513e-05
2021-01-20 06:44:00,-0.0002874999999999961,9.449999999999736e-05,-0.0002874999999999961,-8.500000000000174e-05
2021-01-20 06:45:00,-7.849999999998136e-05,6.349999999999412e-05,-0.00011399999999994748,-3.9499999999970115e-05
2021-01-20 06:46:00,,,,
2021-01-20 06:47:00,-6.34999999999386e-05,0.00015500000000001624,-0.00017900000000004024,-8.00000000000245e-05
2021-01-20 06:48:00,,,,
2021-01-20 06:49:00,,,,
2021-01-20 06:50:00,-0.001664999999999972,0.00023400000000001198,-0.0016700000000000048,4.5500000000031626e-05
2021-01-20 06:51:00,4.5500000000031626e-05,0.00019299999999999873,-0.00010900000000002574,6.099999999997774e-05
2021-01-20 06:52:00,6.099999999997774e-05,0.00027599999999999847,-0.00012650000000002937,7.14999999999466e-05
2021-01-20 06:53:00,0.00011649999999996385,0.0001594999999999791,-0.0002055000000000251,-2.799999999997249e-05
2021-01-20 06:54:00,-0.00046799999999996844,0.00010349999999997861,-0.00046799999999996844,6.300000000003525e-05
2021-01-20 06:55:00,6.300000000003525e-05,0.0002955000000000596,-0.00020049999999999235,0.00012899999999999023
2021-01-20 06:56:00,,,,
2021-01-20 06:57:00,0.0004389999999999672,0.0004490000000000327,9.350000000002412e-05,9.350000000002412e-05
2021-01-20 06:58:00,-0.00033650000000001734,0.00011050000000001337,-0.00034649999999997183,4.049999999999887e-05
2021-01-20 06:59:00,4.049999999999887e-05,0.00018700000000004824,-2.9500000000015625e-05,0.00011349999999998861
2021-01-20 07:00:00,,,,
2021-01-20 07:01:00,8.849999999999136e-05,0.0002114999999999756,8.849999999999136e-05,0.0002114999999999756
2021-01-20 07:02:00,-0.00031849999999999934,0.0001654999999999851,-0.00032850000000006485,-1.4999999999876223e-06
2021-01-20 07:03:00,-1.4999999999876223e-06,9.850000000000136e-05,-1.4999999999876223e-06,9.850000000000136e-05
2021-01-20 07:04:00,,,,
2021-01-20 07:05:00,,,,
2021-01-20 07:06:00,,,,
2021-01-20 07:07:00,,,,
2021-01-20 07:08:00,,,,
2021-01-20 07:09:00,,,,
2021-01-20 07:10:00,,,,
2021-01-20 07:11:00,-0.00036849999999999383,-1.1499999999997623e-05,-0.00036849999999999383,-5.1499999999982116e-05
2021-01-20 07:12:00,,,,
2021-01-20 07:13:00,0.0013484999999999747,0.0013484999999999747,-5.450000000001287e-05,-5.450000000001287e-05
2021-01-20 07:14:00,,,,
2021-01-20 07:15:00,,,,
2021-01-20 07:16:00,6.0000000000004494e-05,6.0000000000004494e-05,-0.0003975000000000506,-1.6499999999974868e-05
2021-01-20 07:17:00,0.00024849999999998484,0.00024849999999998484,-0.00018099999999998673,-0.0001674999999999871
2021-01-20 07:18:00,,,,
2021-01-20 07:19:00,-0.0010025000000000173,-2.8999999999945736e-05,-0.0010025000000000173,-6.249999999996536e-05
2021-01-20 07:20:00,-6.249999999996536e-05,0.0004564999999999708,-9.349999999996861e-05,-9.349999999996861e-05
2021-01-20 07:21:00,,,,
2021-01-20 07:22:00,,,,
2021-01-20 07:23:00,,,,
2021-01-20 07:24:00,0.0008225000000000038,0.0008225000000000038,-4.650000000000487e-05,-4.650000000000487e-05
2021-01-20 07:25:00,-0.0006064999999999543,1.7500000000003624e-05,-0.000611499999999987,-5.100000000002325e-05
2021-01-20 07:26:00,-5.100000000002325e-05,0.0002489999999999992,-9.900000000001574e-05,0.00013900000000000023
2021-01-20 07:27:00,,,,
2021-01-20 07:28:00,-2.1500000000007624e-05,8.349999999995861e-05,-2.1500000000007624e-05,8.349999999995861e-05
2021-01-20 07:29:00,,,,
2021-01-20 07:30:00,,,,
2021-01-20 07:31:00,,,,
2021-01-20 07:32:00,0.0013984999999999692,0.0013984999999999692,-4.100000000001325e-05,-3.849999999999687e-05
2021-01-20 07:33:00,-0.00027800000000000047,-1.6000000000016e-05,-0.00027800000000000047,-4.900000000002125e-05
2021-01-20 07:34:00,-0.0004055000000000586,0.00010349999999997861,-0.0004155000000000686,-0.00026200000000004
2021-01-20 07:35:00,,,,
2021-01-20 07:36:00,,,,
2021-01-20 07:37:00,,,,
2021-01-20 07:38:00,,,,
2021-01-20 07:39:00,,,,
2021-01-20 07:40:00,-0.001497499999999985,0.0002489999999999992,-0.001497499999999985,-3.9500000000025626e-05
2021-01-20 07:41:00,0.0008854999999999835,0.0008854999999999835,-2.6999999999999247e-05,3.1499999999962114e-05
2021-01-20 07:42:00,,,,
2021-01-20 07:43:00,,,,
2021-01-20 07:44:00,,,,
2021-01-20 07:45:00,,,,
2021-01-20 07:46:00,,,,
2021-01-20 07:47:00,-0.0008380000000000054,0.00017000000000000348,-0.0008380000000000054,0.00017000000000000348
2021-01-20 07:48:00,,,,
2021-01-20 07:49:00,,,,
2021-01-20 07:50:00,-1.4000000000014001e-05,0.00018250000000002986,-0.00019399999999997197,-1.6499999999974868e-05
2021-01-20 07:51:00,-1.6499999999974868e-05,3.450000000004838e-05,-0.00018299999999998873,1.1500000000053134e-05
2021-01-20 07:52:00,0.00019449999999998635,0.00019449999999998635,-7.350000000000412e-05,-1.8999999999991246e-05
2021-01-20 07:53:00,-1.8999999999991246e-05,0.001591000000000009,-2.449999999998287e-05,1.4999999999987246e-05
2021-01-20 07:54:00,,,,
2021-01-20 07:55:00,,,,
2021-01-20 07:56:00,,,,
2021-01-20 07:57:00,3.999999999998449e-05,3.999999999998449e-05,-6.500000000003725e-05,-3.0000000000030003e-05
2021-01-20 07:58:00,,,,
2021-01-20 07:59:00,,,,
2021-01-20 08:00:00,7.250000000003087e-05,7.250000000003087e-05,-0.00035000000000001696,-0.00012999999999996348
2021-01-20 08:01:00,,,,
2021-01-20 08:02:00,,,,
2021-01-20 08:03:00,,,,
2021-01-20 08:04:00,,,,
2021-01-20 08:05:00,,,,
2021-01-20 08:06:00,,,,
2021-01-20 08:07:00,,,,
2021-01-20 08:08:00,,,,
2021-01-20 08:09:00,-0.00011949999999999461,-1.2499999999970868e-05,-0.0001475000000000226,-4.7499999999978115e-05
2021-01-20 08:10:00,,,,
2021-01-20 08:11:00,,,,
2021-01-20 08:12:00,0.0009225000000000483,0.0009225000000000483,-0.00022249999999995884,-0.0001754999999999951
2021-01-20 08:13:00,,,,
2021-01-20 08:14:00,-5.249999999995536e-05,-5.249999999995536e-05,-0.00010249999999994985,-6.199999999995098e-05
2021-01-20 08:15:00,,,,
2021-01-20 08:16:00,,,,
2021-01-20 08:17:00,,,,
2021-01-20 08:18:00,-0.003076999999999941,2.5500000000011624e-05,-0.003076999999999941,2.5500000000011624e-05
2021-01-20 08:19:00,1.999999999996449e-05,0.00012899999999999023,-8.399999999997299e-05,-2.500000000016378e-06
2021-01-20 08:20:00,,,,
2021-01-20 08:21:00,,,,
2021-01-20 08:22:00,,,,
2021-01-20 08:23:00,-0.0009275000000000255,-7.249999999997536e-05,-0.0009275000000000255,-0.00016450000000001186
2021-01-20 08:24:00,-2.399999999991298e-05,4.100000000006876e-05,-2.399999999991298e-05,3.100000000000325e-05
2021-01-20 08:25:00,-0.00011400000000000299,-6.999999999979245e-06,-0.00011400000000000299,-6.999999999979245e-06
2021-01-20 08:26:00,,,,
2021-01-20 08:27:00,,,,
2021-01-20 08:28:00,,,,
2021-01-20 08:29:00,,,,
2021-01-20 08:30:00,,,,
2021-01-20 08:31:00,,,,
2021-01-20 08:32:00,,,,
2021-01-20 08:33:00,,,,
2021-01-20 08:34:00,,,,
2021-01-20 08:35:00,,,,
2021-01-20 08:36:00,,,,
2021-01-20 08:37:00,-4.850000000000687e-05,-9.000000000036756e-06,-0.00015050000000005337,-5.3999999999998494e-05
2021-01-20 08:38:00,3.6000000000036e-05,4.300000000001525e-05,-0.00014049999999998786,-1.7000000000044757e-05
2021-01-20 08:39:00,,,,
2021-01-20 08:40:00,,,,
2021-01-20 08:41:00,-0.0002969999999999917,5.250000000001087e-05,-0.0003115000000000201,1.999999999996449e-05
2021-01-20 08:42:00,,,,
2021-01-20 08:43:00,,,,
2021-01-20 08:44:00,,,,
2021-01-20 08:45:00,,,,
2021-01-20 08:46:00,,,,
2021-01-20 08:47:00,0.00025649999999999284,0.0002714999999999801,-0.0002854999999999941,-5.249999999995536e-05
2021-01-20 08:48:00,-5.249999999995536e-05,0.0002134999999999776,-0.00010500000000002174,-0.00010500000000002174
2021-01-20 08:49:00,-0.00034000000000000696,-5.7499999999932605e-05,-0.00034000000000000696,-5.7499999999932605e-05
2021-01-20 08:50:00,,,,
2021-01-20 08:51:00,,,,
2021-01-20 08:52:00,,,,
2021-01-20 08:53:00,,,,
2021-01-20 08:54:00,,,,
2021-01-20 08:55:00,,,,
2021-01-20 08:56:00,,,,
2021-01-20 08:57:00,-0.0006680000000000019,2.449999999998287e-05,-0.0006730000000000347,3.000000000030756e-06
2021-01-20 08:58:00,,,,
2021-01-20 08:59:00,,,,
2021-01-20 09:00:00,,,,
2021-01-20 09:01:00,,,,
2021-01-20 09:02:00,,,,
2021-01-20 09:03:00,,,,
2021-01-20 09:04:00,-0.00011500000000003174,-6.149999999999212e-05,-0.0001334999999999531,-0.00010399999999999299
2021-01-20 09:05:00,,,,
2021-01-20 09:06:00,0.0005140000000000144,0.0005290000000000017,-0.00020100000000000673,-4.100000000006876e-05
2021-01-20 09:07:00,0.00023399999999995647,0.0002389999999999337,-0.00011400000000000299,-0.00011349999999998861
2021-01-20 09:08:00,,,,
2021-01-20 09:09:00,,,,
2021-01-20 09:10:00,,,,
2021-01-20 09:11:00,-0.0006445000000000478,6.500000000020378e-06,-0.0006445000000000478,6.500000000020378e-06
2021-01-20 09:12:00,,,,
2021-01-20 09:13:00,,,,
2021-01-20 09:14:00,7.649999999997936e-05,7.650000000003487e-05,-6.20000000000065e-05,4.3499999999974115e-05
2021-01-20 09:15:00,1.4499999999972868e-05,4.649999999994936e-05,-0.00011050000000001337,-8.099999999999774e-05
2021-01-20 09:16:00,,,,
2021-01-20 09:17:00,,,,
2021-01-20 09:18:00,0.001558999999999977,0.001558999999999977,-6.149999999999212e-05,3.199999999997649e-05
2021-01-20 09:19:00,-0.000168000000000057,5.899999999997574e-05,-0.00017300000000003424,-2.1500000000007624e-05
2021-01-20 09:20:00,,,,
2021-01-20 09:21:00,,,,
2021-01-20 09:22:00,,,,
2021-01-20 09:23:00,-1.4500000000028379e-05,0.00013450000000003737,-5.5499999999986116e-05,-6.500000000020378e-06
2021-01-20 09:24:00,-8.20000000000265e-05,-4.000000000004e-06,-0.0001060000000000505,-3.100000000000325e-05
2021-01-20 09:25:00,3.4000000000034e-05,3.4000000000034e-05,-7.499999999999174e-05,-7.499999999999174e-05
2021-01-20 09:26:00,0.00010349999999997861,0.00012849999999997586,9.449999999999736e-05,9.449999999999736e-05
2021-01-20 09:27:00,-0.0006005000000000038,-0.0001474999999999671,-0.0006555000000000311,-0.00022199999999999998
2021-01-20 09:28:00,6.549999999999612e-05,6.549999999999612e-05,6.549999999999612e-05,6.549999999999612e-05
2021-01-20 09:29:00,,,,
2021-01-20 09:30:00,,,,
2021-01-20 09:31:00,,,,
2021-01-20 09:32:00,-8.150000000006763e-05,0.0002654999999999741,-0.0002949999999999342,-6.799999999995698e-05
2021-01-20 09:33:00,-6.799999999995698e-05,-2.500000000016378e-06,-8.750000000001812e-05,-3.0000000000030003e-05
2021-01-20 09:34:00,,,,
2021-01-20 09:35:00,-3.849999999999687e-05,-3.5000000000451337e-06,-7.849999999998136e-05,-7.849999999998136e-05
2021-01-20 09:36:00,,,,
2021-01-20 09:37:00,-6.999999999979245e-06,4.199999999998649e-05,-0.00010999999999999899,4.199999999998649e-05
2021-01-20 09:38:00,,,,
2021-01-20 09:39:00,,,,
2021-01-20 09:40:00,,,,
2021-01-20 09:41:00,,,,
2021-01-20 09:42:00,,,,
2021-01-20 09:43:00,,,,
2021-01-20 09:44:00,,,,
2021-01-20 09:45:00,,,,
2021-01-20 09:46:00,,,,
2021-01-20 09:47:00,,,,
2021-01-20 09:48:00,,,,
2021-01-20 09:49:00,,,,
2021-01-20 09:50:00,,,,
2021-01-20 09:51:00,,,,
2021-01-20 09:52:00,,,,
2021-01-20 09:53:00,,,,
2021-01-20 09:54:00,,,,
2021-01-20 09:55:00,-0.0008509999999999907,-9.999999999998899e-05,-0.0008509999999999907,-0.00012999999999996348
2021-01-20 09:56:00,,,,
2021-01-20 09:57:00,0.0016200000000000103,0.0016249999999999876,-3.8000000000038e-05,-3.5500000000021625e-05
2021-01-20 09:58:00,,,,
2021-01-20 09:59:00,-0.00012050000000007888,0.00017450000000002186,-0.00012050000000007888,0.0001714999999999911
2021-01-20 10:00:00,,,,
2021-01-20 10:01:00,,,,
2021-01-20 10:02:00,,,,
2021-01-20 10:03:00,,,,
2021-01-20 10:04:00,,,,
2021-01-20 10:05:00,,,,
2021-01-20 10:06:00,,,,
2021-01-20 10:07:00,0.0005350000000000077,0.0005449999999999622,1.2000000000012001e-05,3.849999999999687e-05
2021-01-20 10:08:00,2.000000000002e-06,0.00018599999999996397,-4.650000000000487e-05,-4.650000000000487e-05
2021-01-20 10:09:00,,,,
2021-01-20 10:10:00,,,,
2021-01-20 10:11:00,,,,
2021-01-20 10:12:00,,,,
2021-01-20 10:13:00,,,,
2021-01-20 10:14:00,,,,
2021-01-20 10:15:00,-5.450000000001287e-05,2.4000000000024002e-05,-7.599999999996498e-05,2.4000000000024002e-05
2021-01-20 10:16:00,,,,
2021-01-20 10:17:00,,,,
2021-01-20 10:18:00,,,,
2021-01-20 10:19:00,,,,
2021-01-20 10:20:00,-9.300000000000974e-05,8.499999999966867e-06,-9.300000000000974e-05,8.499999999966867e-06
2021-01-20 10:21:00,0.0005084999999999673,0.0005084999999999673,1.6499999999974868e-05,1.6499999999974868e-05
2021-01-20 10:22:00,-0.0001934999999999576,-1.0499999999968868e-05,-0.0001934999999999576,-1.0499999999968868e-05
2021-01-20 10:23:00,,,,
2021-01-20 10:24:00,,,,
2021-01-20 10:25:00,,,,
2021-01-20 10:26:00,,,,
2021-01-20 10:27:00,-3.249999999999087e-05,7.20000000000165e-05,-0.00010300000000001974,5.699999999997374e-05
2021-01-20 10:28:00,0.00017200000000000548,0.00017200000000000548,-0.0002590000000000092,-0.00013900000000000023
2021-01-20 10:29:00,-0.0001454999999999651,-5.450000000001287e-05,-0.00021399999999993646,-5.450000000001287e-05
2021-01-20 10:30:00,,,,
2021-01-20 10:31:00,-0.0005674999999999986,-2.6999999999999247e-05,-0.0005674999999999986,-2.6999999999999247e-05
2021-01-20 10:32:00,,,,
2021-01-20 10:33:00,,,,
2021-01-20 10:34:00,-0.0005669999999999842,-5.6000000000000494e-05,-0.0005669999999999842,-9.950000000003012e-05
2021-01-20 10:35:00,-0.00010450000000000736,0.00011649999999996385,-0.00011699999999997823,7.00000000000145e-05
2021-01-20 10:36:00,,,,
2021-01-20 10:37:00,,,,
2021-01-20 10:38:00,,,,
2021-01-20 10:39:00,,,,
2021-01-20 10:40:00,,,,
2021-01-20 10:41:00,0.0004724999999999868,0.00047749999999996406,1.399999999995849e-05,1.399999999995849e-05
2021-01-20 10:42:00,-0.0003609999999999447,6.250000000007638e-05,-0.0003609999999999447,-8.099999999999774e-05
2021-01-20 10:43:00,-0.00037599999999998746,7.500000000004725e-05,-0.0003809999999999647,-0.0001134999999999331
2021-01-20 10:44:00,,,,
2021-01-20 10:45:00,,,,
2021-01-20 10:46:00,,,,
2021-01-20 10:47:00,,,,
2021-01-20 10:48:00,,,,
2021-01-20 10:49:00,,,,
2021-01-20 10:50:00,-0.0002554999999999641,0.00017299999999997873,-0.0002554999999999641,-0.00021199999999998997
2021-01-20 10:51:00,,,,
2021-01-20 10:52:00,-0.0006420000000000314,-5.5499999999986116e-05,-0.0007070000000000132,-7.550000000000612e-05
2021-01-20 10:53:00,-0.0004155000000000131,7.80000000000225e-05,-0.0004204999999999903,-3.6999999999953737e-05
2021-01-20 10:54:00,3.000000000030756e-06,0.0001975000000000171,-8.049999999992785e-05,-2.9999999999752447e-06
2021-01-20 10:55:00,,,,
2021-01-20 10:56:00,,,,
2021-01-20 10:57:00,-0.0005799999999999694,-5.249999999995536e-05,-0.0005799999999999694,-5.249999999995536e-05
2021-01-20 10:58:00,,,,
2021-01-20 10:59:00,,,,
2021-01-20 11:00:00,,,,
2021-01-20 11:01:00,,,,
2021-01-20 11:02:00,,,,
2021-01-20 11:03:00,,,,
2021-01-20 11:04:00,,,,
2021-01-20 11:05:00,,,,
2021-01-20 11:06:00,,,,
2021-01-20 11:07:00,,,,
2021-01-20 11:08:00,1.4000000000014001e-05,0.00014750000000007812,-0.00021650000000000835,-7.20000000000165e-05
2021-01-20 11:09:00,0.00025799999999998047,0.00025799999999998047,-0.00012599999999995948,4.499999999996174e-05
2021-01-20 11:10:00,2.250000000003638e-05,0.00010749999999998261,-0.00011349999999998861,4.700000000001925e-05
2021-01-20 11:11:00,,,,
2021-01-20 11:12:00,,,,
2021-01-20 11:13:00,,,,
2021-01-20 11:14:00,,,,
2021-01-20 11:15:00,-5.499999999991623e-06,0.00016850000000001586,-0.00016399999999999748,-2.249999999998087e-05
2021-01-20 11:16:00,0.00017250000000001986,0.00017250000000001986,-0.00013649999999998386,4.100000000001325e-05
2021-01-20 11:17:00,0.0009009999999999851,0.0009009999999999851,4.499999999962867e-06,2.050000000003438e-05
2021-01-20 11:18:00,,,,
2021-01-20 11:19:00,,,,
2021-01-20 11:20:00,,,,
2021-01-20 11:21:00,,,,
2021-01-20 11:22:00,,,,
2021-01-20 11:23:00,,,,
2021-01-20 11:24:00,,,,
2021-01-20 11:25:00,-0.0003974999999999951,3.250000000004638e-05,-0.0003974999999999951,-3.0000000000030003e-05
2021-01-20 11:26:00,,,,
2021-01-20 11:27:00,1.0000000000287557e-06,1.6000000000016e-05,-2.999999999997449e-05,-2.999999999997449e-05
2021-01-20 11:28:00,0.0004649999999999932,0.0004649999999999932,-4.0000000000040004e-05,6.999999999979245e-06
2021-01-20 11:29:00,,,,
2021-01-20 11:30:00,,,,
2021-01-20 11:31:00,,,,
2021-01-20 11:32:00,0.000811499999999965,0.000811499999999965,-5.499999999997174e-05,-5.499999999997174e-05
2021-01-20 11:33:00,-5.499999999997174e-05,0.0002554999999999641,-0.0001834999999999476,8.499999999966867e-06
2021-01-20 11:34:00,,,,
2021-01-20 11:35:00,,,,
2021-01-20 11:36:00,,,,
2021-01-20 11:37:00,,,,
2021-01-20 11:38:00,,,,
2021-01-20 11:39:00,,,,
2021-01-20 11:40:00,,,,
2021-01-20 11:41:00,,,,
2021-01-20 11:42:00,,,,
2021-01-20 11:43:00,,,,
2021-01-20 11:44:00,,,,
2021-01-20 11:45:00,,,,
2021-01-20 11:46:00,,,,
2021-01-20 11:47:00,,,,
2021-01-20 11:48:00,,,,
2021-01-20 11:49:00,,,,
2021-01-20 11:50:00,,,,
2021-01-20 11:51:00,0.0008444999999999703,0.000849500000000003,-0.00029400000000001647,-5.000000000032756e-06
2021-01-20 11:52:00,,,,
2021-01-20 11:53:00,,,,
2021-01-20 11:54:00,0.0006789999999999852,0.0006789999999999852,-0.0001875000000000071,4.850000000000687e-05
2021-01-20 11:55:00,,,,
2021-01-20 11:56:00,,,,
2021-01-20 11:57:00,,,,
2021-01-20 11:58:00,,,,
2021-01-20 11:59:00,,,,
2021-01-20 12:00:00,,,,
2021-01-20 12:01:00,,,,
2021-01-20 12:02:00,,,,
2021-01-20 12:03:00,-3.999999999998449e-05,-3.1499999999962114e-05,-4.650000000000487e-05,-4.650000000000487e-05
2021-01-20 12:04:00,,,,
2021-01-20 12:05:00,-7.950000000001012e-05,-9.499999999995623e-06,-7.950000000001012e-05,-9.499999999995623e-06
2021-01-20 12:06:00,0.00068549999999995,0.0006855000000000055,-0.00016449999999995635,4.500000000018378e-06
2021-01-20 12:07:00,,,,
2021-01-20 12:08:00,-0.00010699999999996823,4.250000000000087e-05,-0.00010749999999998261,-3.849999999999687e-05
2021-01-20 12:09:00,,,,
2021-01-20 12:10:00,-0.0024109999999999965,2.0000000000020002e-05,-0.0024210000000000065,-4.500000000001725e-05
2021-01-20 12:11:00,,,,
2021-01-20 12:12:00,,,,
2021-01-20 12:13:00,,,,
2021-01-20 12:14:00,0.002630000000000021,0.0026599999999999957,0.0001435000000000186,0.0001435000000000186
2021-01-20 12:15:00,,,,
2021-01-20 12:16:00,,,,
2021-01-20 12:17:00,,,,
2021-01-20 12:18:00,,,,
2021-01-20 12:19:00,,,,
2021-01-20 12:20:00,,,,
2021-01-20 12:21:00,,,,
2021-01-20 12:22:00,,,,
2021-01-20 12:23:00,,,,
2021-01-20 12:24:00,-0.0002495000000000136,0.0002415000000000056,-0.0002495000000000136,2.850000000004238e-05
2021-01-20 12:25:00,,,,
2021-01-20 12:26:00,0.0015520000000000533,0.0015919999999999823,-8.20000000000265e-05,0.0004014999999999991
2021-01-20 12:27:00,-0.0004635000000000056,-0.00011200000000000099,-0.0004635000000000056,-0.00011200000000000099
2021-01-20 12:28:00,,,,
2021-01-20 12:29:00,,,,
2021-01-20 12:30:00,,,,
2021-01-20 12:31:00,,,,
2021-01-20 12:32:00,8.699999999994823e-05,0.00018200000000001548,-1.2500000000026379e-05,2.249999999998087e-05
2021-01-20 12:33:00,-0.0002674999999999761,0.00010450000000000736,-0.0002674999999999761,2.450000000003838e-05
2021-01-20 12:34:00,,,,
2021-01-20 12:35:00,,,,
2021-01-20 12:36:00,0.0015795000000000115,0.0015795000000000115,3.1499999999962114e-05,3.2000000000032e-05
2021-01-20 12:37:00,3.700000000006476e-05,0.000250000000000028,3.700000000006476e-05,5.499999999997174e-05
2021-01-20 12:38:00,,,,
2021-01-20 12:39:00,,,,
2021-01-20 12:40:00,,,,
2021-01-20 12:41:00,,,,
2021-01-20 12:42:00,0.0001415000000000166,0.0001415000000000166,-3.5499999999966114e-05,-1.4999999999876223e-06
2021-01-20 12:43:00,0.0006435000000000191,0.0006585000000000063,2.850000000004238e-05,4.300000000001525e-05
2021-01-20 12:44:00,,,,
2021-01-20 12:45:00,,,,
2021-01-20 12:46:00,,,,
2021-01-20 12:47:00,,,,
2021-01-20 12:48:00,-0.0005590000000000317,0.00011349999999998861,-0.0005590000000000317,-0.00011400000000000299
2021-01-20 12:49:00,,,,
2021-01-20 12:50:00,,,,
2021-01-20 12:51:00,-0.0012740000000000529,-9.650000000005488e-05,-0.0013390000000000346,-9.650000000005488e-05
2021-01-20 12:52:00,,,,
2021-01-20 12:53:00,,,,
2021-01-20 12:54:00,,,,
2021-01-20 12:55:00,,,,
2021-01-20 12:56:00,,,,
2021-01-20 12:57:00,-0.0002095000000000291,0.00011200000000000099,-0.0002095000000000291,-3.799999999998249e-05
2021-01-20 12:58:00,0.0002569999999999517,0.0002569999999999517,-0.0001220000000000665,2.499999999960867e-06
2021-01-20 12:59:00,,,,
2021-01-20 13:00:00,8.000000000008e-06,2.449999999998287e-05,-0.0004990000000000272,-0.0004990000000000272
2021-01-20 13:01:00,-0.00027250000000000885,6.549999999999612e-05,-0.00027250000000000885,6.549999999999612e-05
2021-01-20 13:02:00,,,,
2021-01-20 13:03:00,-0.0012745000000000117,2.450000000003838e-05,-0.0012745000000000117,-2.9499999999960114e-05
2021-01-20 13:04:00,0.0013205000000000022,0.0013205000000000022,-4.700000000007476e-05,-2.000000000002e-06
2021-01-20 13:05:00,,,,
2021-01-20 13:06:00,-6.0000000000060005e-06,1.8999999999991246e-05,-6.0000000000060005e-06,1.8999999999991246e-05
2021-01-20 13:07:00,,,,
2021-01-20 13:08:00,6.650000000002487e-05,6.650000000002487e-05,-6.500000000003725e-05,-5.8000000000002494e-05
2021-01-20 13:09:00,0.00040200000000001346,0.00040200000000001346,-0.00020850000000005586,2.6999999999999247e-05
2021-01-20 13:10:00,,,,
2021-01-20 13:11:00,,,,
2021-01-20 13:12:00,,,,
2021-01-20 13:13:00,,,,
2021-01-20 13:14:00,,,,
2021-01-20 13:15:00,,,,
2021-01-20 13:16:00,,,,
2021-01-20 13:17:00,-0.0004935000000000356,4.250000000000087e-05,-0.0005034999999999901,-0.00010949999999998461
2021-01-20 13:18:00,2.599999999997049e-05,5.599999999994498e-05,-3.300000000006076e-05,-1.4500000000028379e-05
2021-01-20 13:19:00,,,,
2021-01-20 13:20:00,,,,
2021-01-20 13:21:00,,,,
2021-01-20 13:22:00,,,,
2021-01-20 13:23:00,,,,
2021-01-20 13:24:00,,,,
2021-01-20 13:25:00,,,,
2021-01-20 13:26:00,0.00012149999999999661,0.0002415000000000056,3.799999999998249e-05,5.299999999996974e-05
2021-01-20 13:27:00,4.799999999999249e-05,0.0001435000000000186,-0.0005430000000000712,5.6000000000000494e-05
2021-01-20 13:28:00,8.750000000001812e-05,8.750000000001812e-05,-8.550000000001612e-05,4.599999999999049e-05
2021-01-20 13:29:00,4.599999999999049e-05,0.00010650000000000936,-0.00019799999999997597,2.8000000000028002e-05
2021-01-20 13:30:00,,,,
2021-01-20 13:31:00,,,,
2021-01-20 13:32:00,,,,
2021-01-20 13:33:00,,,,
2021-01-20 13:34:00,,,,
2021-01-20 13:35:00,,,,
2021-01-20 13:36:00,,,,
2021-01-20 13:37:00,,,,
2021-01-20 13:38:00,,,,
2021-01-20 13:39:00,0.00013300000000004975,0.00013300000000004975,-7.099999999993223e-05,2.999999999997449e-05
2021-01-20 13:40:00,5.849999999996136e-05,6.399999999995298e-05,3.399999999997849e-05,5.899999999997574e-05
2021-01-20 13:41:00,-7.650000000003487e-05,3.300000000006076e-05,-0.00017100000000003224,-2.999999999997449e-05
2021-01-20 13:42:00,,,,
2021-01-20 13:43:00,,,,
2021-01-20 13:44:00,0.00019000000000002348,0.00019000000000002348,-5.000000000143778e-07,-5.000000000143778e-07
2021-01-20 13:45:00,,,,
2021-01-20 13:46:00,,,,
2021-01-20 13:47:00,0.00010450000000000736,0.00010450000000000736,1.9500000000005624e-05,1.9500000000005624e-05
2021-01-20 13:48:00,0.00019450000000004186,0.00019450000000004186,-5.999999999994898e-05,-5.1499999999982116e-05
2021-01-20 13:49:00,-4.900000000002125e-05,2.4000000000024002e-05,-0.00019599999999997397,-3.100000000000325e-05
2021-01-20 13:50:00,0.0008940000000000614,0.0008940000000000614,-3.3500000000019625e-05,-3.3500000000019625e-05
2021-01-20 13:51:00,-0.0001335000000000086,0.00019700000000000273,-0.0001395000000000146,-2.250000000003638e-05
2021-01-20 13:52:00,-0.00038250000000000783,5.700000000002925e-05,-0.00038250000000000783,-3.199999999997649e-05
2021-01-20 13:53:00,,,,
2021-01-20 13:54:00,,,,
2021-01-20 13:55:00,,,,
2021-01-20 13:56:00,,,,
2021-01-20 13:57:00,,,,
2021-01-20 13:58:00,,,,
2021-01-20 13:59:00,,,,
2021-01-20 14:00:00,,,,
2021-01-20 14:01:00,6.099999999997774e-05,7.950000000001012e-05,-1.0500000000024379e-05,5.850000000001687e-05
2021-01-20 14:02:00,,,,
2021-01-20 14:03:00,0.0003734999999999711,0.00037850000000000383,-0.00014049999999998786,-4.1500000000027626e-05
2021-01-20 14:04:00,-0.0006315000000000071,2.849999999998687e-05,-0.0006714999999999915,2.849999999998687e-05
2021-01-20 14:05:00,3.849999999999687e-05,4.450000000000287e-05,-2.4999999999997247e-05,1.5499999999946112e-05
2021-01-20 14:06:00,1.5499999999946112e-05,0.00011500000000003174,-5.3499999999984116e-05,-5.250000000001087e-05
2021-01-20 14:07:00,-0.0008825000000000083,3.300000000000525e-05,-0.000887500000000041,-8.949999999996461e-05
2021-01-20 14:08:00,-0.00024449999999998084,-5.2000000000052005e-05,-0.00024449999999998084,-5.850000000001687e-05
2021-01-20 14:09:00,-5.850000000001687e-05,-2.850000000004238e-05,-7.850000000003687e-05,-7.850000000003687e-05
2021-01-20 14:10:00,,,,
2021-01-20 14:11:00,,,,
2021-01-20 14:12:00,,,,
2021-01-20 14:13:00,0.001041499999999973,0.001041499999999973,-0.0002314999999999956,-3.1499999999962114e-05
2021-01-20 14:14:00,,,,
2021-01-20 14:15:00,,,,
2021-01-20 14:16:00,,,,
2021-01-20 14:17:00,-0.00034649999999997183,7.499999999999174e-05,-0.00037650000000000183,-4.5499999999976115e-05
2021-01-20 14:18:00,0.0009395000000000375,0.000949499999999992,-0.00016450000000001186,4.999999999588667e-07
2021-01-20 14:19:00,4.999999999588667e-07,0.00012850000000003137,-0.00010599999999999499,-0.00010100000000001774
2021-01-20 14:20:00,,,,
2021-01-20 14:21:00,,,,
2021-01-20 14:22:00,0.00022400000000000198,0.00022400000000000198,-9.999999999998899e-05,-9.599999999998499e-05
2021-01-20 14:23:00,-9.599999999998499e-05,0.00014849999999999586,-9.649999999994385e-05,-3.0000000000030003e-05
2021-01-20 14:24:00,,,,
2021-01-20 14:25:00,,,,
2021-01-20 14:26:00,,,,
2021-01-20 14:27:00,5.650000000001487e-05,5.650000000001487e-05,-5.3499999999928605e-05,-5.3499999999928605e-05
2021-01-20 14:28:00,,,,
2021-01-20 14:29:00,-0.0012540000000000329,5.550000000004163e-05,-0.0012540000000000329,-2.049999999997887e-05
2021-01-20 14:30:00,,,,
2021-01-20 14:31:00,-0.00046000000000001595,0.00019500000000005624,-0.00046000000000001595,0.00019500000000005624
2021-01-20 14:32:00,0.0008599999999999719,0.0008599999999999719,-0.00019049999999998235,-4.999999999588667e-07
2021-01-20 14:33:00,0.0001654999999999851,0.0001654999999999851,-0.0002729999999999677,-6.899999999998574e-05
2021-01-20 14:34:00,-6.899999999998574e-05,8.499999999994623e-05,-0.00021850000000001035,4.649999999994936e-05
2021-01-20 14:35:00,,,,
2021-01-20 14:36:00,-0.0010135000000000005,-2.399999999996849e-05,-0.0010135000000000005,-2.399999999996849e-05
2021-01-20 14:37:00,,,,
2021-01-20 14:38:00,-0.00014900000000001024,0.00012399999999995748,-0.00023700000000004273,-0.000146000000000035
2021-01-20 14:39:00,-0.000146000000000035,4.1499999999972115e-05,-0.00017100000000003224,-9.550000000002612e-05
2021-01-20 14:40:00,,,,
2021-01-20 14:41:00,,,,
2021-01-20 14:42:00,0.00043999999999999595,0.0004549999999999832,-0.00013849999999993035,-6.650000000002487e-05
2021-01-20 14:43:00,-2.500000000016378e-06,7.499999999938112e-06,-7.500000000049134e-06,-7.500000000049134e-06
2021-01-20 14:44:00,,,,
2021-01-20 14:45:00,,,,
2021-01-20 14:46:00,0.0004885000000000028,0.0005584999999999618,5.499999999991623e-06,5.499999999991623e-06
2021-01-20 14:47:00,,,,
2021-01-20 14:48:00,1.8000000000018e-05,5.3499999999928605e-05,-0.0002415000000000056,5.999999999950489e-06
2021-01-20 14:49:00,,,,
2021-01-20 14:50:00,,,,
2021-01-20 14:51:00,,,,
2021-01-20 14:52:00,,,,
2021-01-20 14:53:00,5.649999999995936e-05,0.00012149999999999661,3.449999999999287e-05,3.9499999999970115e-05
2021-01-20 14:54:00,3.9499999999970115e-05,3.9499999999970115e-05,1.9500000000005624e-05,1.9500000000005624e-05
2021-01-20 14:55:00,,,,
2021-01-20 14:56:00,,,,
2021-01-20 14:57:00,,,,
2021-01-20 14:58:00,,,,
2021-01-20 14:59:00,-0.0004974999999999841,6.350000000004963e-05,-0.0005924999999999403,-5.299999999996974e-05
2021-01-20 15:00:00,0.0005519999999999969,0.0005519999999999969,-0.00022050000000001235,-2.249999999998087e-05
2021-01-20 15:01:00,,,,
2021-01-20 15:02:00,,,,
2021-01-20 15:03:00,,,,
2021-01-20 15:04:00,,,,
2021-01-20 15:05:00,-0.0003255000000000341,6.550000000005163e-05,-0.0003255000000000341,-1.0000000000287557e-06
2021-01-20 15:06:00,,,,
2021-01-20 15:07:00,,,,
2021-01-20 15:08:00,,,,
2021-01-20 15:09:00,-0.0023555000000000104,-8.350000000001412e-05,-0.0023555000000000104,-0.000124000000000013
2021-01-20 15:10:00,,,,
2021-01-20 15:11:00,,,,
2021-01-20 15:12:00,,,,
2021-01-20 15:13:00,,,,
2021-01-20 15:14:00,,,,
2021-01-20 15:15:00,,,,
2021-01-20 15:16:00,,,,
2021-01-20 15:17:00,,,,
2021-01-20 15:18:00,,,,
2021-01-20 15:19:00,,,,
2021-01-20 15:20:00,,,,
2021-01-20 15:21:00,1.8499999999976868e-05,5.250000000001087e-05,-0.00020999999999998797,-3.900000000001125e-05
2021-01-20 15:22:00,,,,
2021-01-20 15:23:00,0.00027800000000000047,0.0003130000000000077,-6.699999999998374e-05,0.00012900000000004574
2021-01-20 15:24:00,-0.0005359999999999809,0.00010050000000005888,-0.0005359999999999809,4.300000000001525e-05
2021-01-20 15:25:00,,,,
2021-01-20 15:26:00,-3.449999999999287e-05,2.6000000000026002e-05,-3.449999999999287e-05,2.599999999997049e-05
2021-01-20 15:27:00,-0.0004990000000000272,0.00010250000000000536,-0.0004990000000000272,-7.749999999995261e-05
2021-01-20 15:28:00,,,,
2021-01-20 15:29:00,,,,
2021-01-20 15:30:00,,,,
2021-01-20 15:31:00,,,,
2021-01-20 15:32:00,0.0001114999999999311,0.00011700000000003374,-5.050000000006438e-05,9.499999999995623e-06
2021-01-20 15:33:00,,,,
2021-01-20 15:34:00,,,,
2021-01-20 15:35:00,0.0012545000000000472,0.0012545000000000472,-0.00015599999999993397,8.099999999999774e-05
2021-01-20 15:36:00,,,,
2021-01-20 15:37:00,,,,
2021-01-20 15:38:00,,,,
2021-01-20 15:39:00,0.0003495000000000026,0.00037449999999999983,-3.599999999998049e-05,-2.000000000002e-06
2021-01-20 15:40:00,,,,
2021-01-20 15:41:00,,,,
2021-01-20 15:42:00,,,,
2021-01-20 15:43:00,-0.00038400000000005097,8.500000000000174e-05,-0.0004090000000000482,4.999999999999449e-05
2021-01-20 15:44:00,,,,
2021-01-20 15:45:00,-0.00035000000000001696,0.00019499999999994522,-0.00035000000000001696,3.850000000005238e-05
2021-01-20 15:46:00,,,,
2021-01-20 15:47:00,-5.1499999999982116e-05,0.00018250000000002986,-0.00015699999999996272,-3.4999999999951736e-05
2021-01-20 15:48:00,-0.00034999999999996145,-3.049999999998887e-05,-0.00034999999999996145,-6.149999999999212e-05
2021-01-20 15:49:00,,,,
2021-01-20 15:50:00,,,,
2021-01-20 15:51:00,0.0009980000000000544,0.0010430000000000161,9.700000000001374e-05,0.00011200000000000099
2021-01-20 15:52:00,,,,
2021-01-20 15:53:00,,,,
2021-01-20 15:54:00,,,,
2021-01-20 15:55:00,,,,
2021-01-20 15:56:00,,,,
2021-01-20 15:57:00,,,,
2021-01-20 15:58:00,,,,
2021-01-20 15:59:00,,,,
2021-01-20 16:00:00,1.4499999999972868e-05,0.00010199999999999099,-0.00010250000000000536,-6.0000000000060005e-05
2021-01-20 16:01:00,-4.500000000007276e-05,0.0002670000000000172,-0.0013254999999999795,-0.00011900000000003574
2021-01-20 16:02:00,,,,
2021-01-20 16:03:00,0.0018509999999999915,0.0018509999999999915,-3.050000000004438e-05,5.999999999994898e-05
2021-01-20 16:04:00,0.0010649999999999826,0.0010649999999999826,-2.1500000000007624e-05,9.900000000007125e-05
2021-01-20 16:05:00,-0.0010809999999999986,2.7000000000054758e-05,-0.0011009999999999631,2.7000000000054758e-05
2021-01-20 16:06:00,,,,
2021-01-20 16:07:00,0.00019250000000003986,0.00044800000000005946,-0.00017000000000000348,9.850000000000136e-05
2021-01-20 16:08:00,-1.4999999999876223e-06,0.00020900000000001473,-8.949999999996461e-05,-8.000000000008e-06
2021-01-20 16:09:00,-0.00017800000000001148,3.7499999999968114e-05,-0.00019299999999999873,3.7499999999968114e-05
2021-01-20 16:10:00,0.0001674999999999871,0.0001774999999999416,-7.099999999993223e-05,4.650000000000487e-05
2021-01-20 16:11:00,6.149999999999212e-05,0.00010250000000000536,-0.0003194999999999726,-4.0000000000040004e-05
2021-01-20 16:12:00,-4.0000000000040004e-05,0.00021099999999996122,-8.900000000000574e-05,1.399999999995849e-05
2021-01-20 16:13:00,1.399999999995849e-05,0.00021500000000002073,-9.94999999999191e-05,9.749999999997261e-05
2021-01-20 16:14:00,0.0005374999999999686,0.0005474999999999786,-4.299999999995974e-05,7.000000000034756e-06
2021-01-20 16:15:00,,,,
2021-01-20 16:16:00,,,,
2021-01-20 16:17:00,0.00042650000000005184,0.00042650000000005184,-0.00017499999999998073,-2.249999999998087e-05
2021-01-20 16:18:00,,,,
2021-01-20 16:19:00,,,,
2021-01-20 16:20:00,,,,
2021-01-20 16:21:00,,,,
2021-01-20 16:22:00,0.00018049999999997235,0.00019499999999994522,-8.649999999998936e-05,5.499999999997174e-05
2021-01-20 16:23:00,-0.0007949999999999902,4.250000000005638e-05,-0.0007949999999999902,4.250000000005638e-05
2021-01-20 16:24:00,,,,
2021-01-20 16:25:00,,,,
2021-01-20 16:26:00,,,,
2021-01-20 16:27:00,,,,
2021-01-20 16:28:00,,,,
2021-01-20 16:29:00,,,,
2021-01-20 16:30:00,,,,
2021-01-20 16:31:00,-0.002637500000000015,1.999999999946489e-06,-0.002637500000000015,1.999999999946489e-06
2021-01-20 16:32:00,0.0005015000000000436,0.0005065000000000763,-6.099999999997774e-05,1.8999999999991246e-05
2021-01-20 16:33:00,,,,
2021-01-20 16:34:00,-0.00029599999999996296,3.000000000030756e-06,-0.00029599999999996296,-1.5000000000042757e-05
2021-01-20 16:35:00,,,,
2021-01-20 16:36:00,,,,
2021-01-20 16:37:00,-0.00026999999999999247,7.199999999996098e-05,-0.00026999999999999247,-9.850000000000136e-05
2021-01-20 16:38:00,,,,
2021-01-20 16:39:00,0.0011150000000000326,0.0011500000000000399,5.350000000003963e-05,5.350000000003963e-05
2021-01-20 16:40:00,,,,
2021-01-20 16:41:00,,,,
2021-01-20 16:42:00,,,,
2021-01-20 16:43:00,0.0004184999999999883,0.00043349999999997557,-5.699999999997374e-05,3.6999999999953737e-05
2021-01-20 16:44:00,4.399999999993298e-05,4.399999999993298e-05,2.399999999996849e-05,2.399999999996849e-05
2021-01-20 16:45:00,-9.850000000000136e-05,0.0002235000000000431,-0.000152000000000041,0.0002235000000000431
2021-01-20 16:46:00,,,,
2021-01-20 16:47:00,-0.001131499999999952,0.00015249999999999986,-0.001131499999999952,-2.500000000016378e-06
2021-01-20 16:48:00,,,,
2021-01-20 16:49:00,,,,
2021-01-20 16:50:00,,,,
2021-01-20 16:51:00,,,,
2021-01-20 16:52:00,,,,
2021-01-20 16:53:00,,,,
2021-01-20 16:54:00,0.0001554999999999751,0.00016050000000000786,-0.00021300000000001873,2.9999999999752447e-06
2021-01-20 16:55:00,,,,
2021-01-20 16:56:00,-0.0004170000000000007,0.00011249999999995985,-0.00045200000000000795,8.349999999995861e-05
2021-01-20 16:57:00,,,,
2021-01-20 16:58:00,,,,
2021-01-20 16:59:00,,,,
2021-01-20 17:00:00,,,,
2021-01-20 17:01:00,,,,
2021-01-20 17:02:00,,,,
2021-01-20 17:03:00,3.849999999999687e-05,3.849999999999687e-05,-0.00011650000000001937,-0.00011650000000001937
2021-01-20 17:04:00,,,,
2021-01-20 17:05:00,,,,
2021-01-20 17:06:00,,,,
2021-01-20 17:07:00,,,,
2021-01-20 17:08:00,,,,
2021-01-20 17:09:00,-0.00047050000000004033,0.0006320000000000769,-0.00047050000000004033,-0.00012099999999998223
2021-01-20 17:10:00,,,,
2021-01-20 17:11:00,0.0005840000000000289,0.0005840000000000289,-4.9499999999980115e-05,4.799999999999249e-05
2021-01-20 17:12:00,-0.00017700000000003824,5.7499999999988116e-05,-0.00017700000000003824,1.3499999999999623e-05
2021-01-20 17:13:00,,,,
2021-01-20 17:14:00,,,,
2021-01-20 17:15:00,,,,
2021-01-20 17:16:00,,,,
2021-01-20 17:17:00,,,,
2021-01-20 17:18:00,,,,
2021-01-20 17:19:00,,,,
2021-01-20 17:20:00,,,,
2021-01-20 17:21:00,,,,
2021-01-20 17:22:00,-0.00018099999999998673,3.7500000000023626e-05,-0.00018099999999998673,3.7500000000023626e-05
2021-01-20 17:23:00,1.8499999999976868e-05,0.00012300000000003974,-9.699999999995823e-05,-9.699999999995823e-05
2021-01-20 17:24:00,,,,
2021-01-20 17:25:00,,,,
2021-01-20 17:26:00,,,,
2021-01-20 17:27:00,-4.3500000000029626e-05,0.00023249999999996884,-4.3500000000029626e-05,-1.2999999999985246e-05
2021-01-20 17:28:00,0.00038199999999999346,0.00038199999999999346,-0.00012899999999999023,-1.399999999995849e-05
2021-01-20 17:29:00,9.300000000000974e-05,9.350000000002412e-05,-4.450000000000287e-05,-2.449999999998287e-05
2021-01-20 17:30:00,,,,
2021-01-20 17:31:00,,,,
2021-01-20 17:32:00,,,,
2021-01-20 17:33:00,,,,
2021-01-20 17:34:00,,,,
2021-01-20 17:35:00,,,,
2021-01-20 17:36:00,,,,
2021-01-20 17:37:00,,,,
2021-01-20 17:38:00,,,,
2021-01-20 17:39:00,,,,
2021-01-20 17:40:00,,,,
2021-01-20 17:41:00,,,,
2021-01-20 17:42:00,0.0019549999999999845,0.0019549999999999845,5.1999999999996493e-05,9.449999999999736e-05
2021-01-20 17:43:00,,,,
2021-01-20 17:44:00,,,,
2021-01-20 17:45:00,,,,
2021-01-20 17:46:00,0.0019545000000000257,0.0019545000000000257,-2.0999999999993246e-05,-2.049999999997887e-05
2021-01-20 17:47:00,,,,
2021-01-20 17:48:00,,,,
2021-01-20 17:49:00,,,,
2021-01-20 17:50:00,,,,
2021-01-20 17:51:00,,,,
2021-01-20 17:52:00,0.00031250000000004885,0.00032250000000000334,-2.4999999999997247e-05,-2.4999999999997247e-05
2021-01-20 17:53:00,,,,
2021-01-20 17:54:00,,,,
2021-01-20 17:55:00,8.649999999998936e-05,9.049999999999336e-05,-5.750000000004363e-05,-5.750000000004363e-05
2021-01-20 17:56:00,,,,
2021-01-20 17:57:00,0.0004389999999999672,0.0004939999999999944,-2.6000000000026002e-05,-2.6000000000026002e-05
2021-01-20 17:58:00,,,,
2021-01-20 17:59:00,,,,
2021-01-20 18:00:00,,,,
2021-01-20 18:01:00,,,,
2021-01-20 18:02:00,,,,
2021-01-20 18:03:00,,,,
2021-01-20 18:04:00,,,,
2021-01-20 18:05:00,0.0011025000000000063,0.0011025000000000063,-0.00010950000000004012,-0.00010950000000004012
2021-01-20 18:06:00,,,,
2021-01-20 18:07:00,0.002615499999999993,0.002615499999999993,-0.00014300000000000423,4.500000000018378e-06
2021-01-20 18:08:00,,,,
2021-01-20 18:09:00,,,,
2021-01-20 18:10:00,,,,
2021-01-20 18:11:00,,,,
2021-01-20 18:12:00,,,,
2021-01-20 18:13:00,,,,
2021-01-20 18:14:00,,,,
2021-01-20 18:15:00,,,,
2021-01-20 18:16:00,,,,
2021-01-20 18:17:00,,,,
2021-01-20 18:18:00,,,,
2021-01-20 18:19:00,,,,
2021-01-20 18:20:00,-0.0004230000000000067,3.900000000001125e-05,-0.0004230000000000067,-8.450000000004287e-05
2021-01-20 18:21:00,,,,
2021-01-20 18:22:00,,,,
2021-01-20 18:23:00,,,,
2021-01-20 18:24:00,-0.001535500000000023,4.1499999999972115e-05,-0.001535500000000023,-0.00019900000000006024
2021-01-20 18:25:00,,,,
2021-01-20 18:26:00,,,,
2021-01-20 18:27:00,2.3500000000065135e-05,2.3500000000065135e-05,-6.14999999999366e-05,-5.649999999995936e-05
2021-01-20 18:28:00,,,,
2021-01-20 18:29:00,,,,
2021-01-20 18:30:00,,,,
2021-01-20 18:31:00,,,,
2021-01-20 18:32:00,,,,
2021-01-20 18:33:00,0.000559499999999935,0.000559499999999935,-0.00019999999999997797,0.00012250000000002537
2021-01-20 18:34:00,,,,
2021-01-20 18:35:00,,,,
2021-01-20 18:36:00,,,,
2021-01-20 18:37:00,,,,
2021-01-20 18:38:00,,,,
2021-01-20 18:39:00,,,,
2021-01-20 18:40:00,,,,
2021-01-20 18:41:00,,,,
2021-01-20 18:42:00,,,,
2021-01-20 18:43:00,,,,
2021-01-20 18:44:00,,,,
2021-01-20 18:45:00,,,,
2021-01-20 18:46:00,-5.350000000003963e-05,5.300000000002525e-05,-5.350000000003963e-05,5.099999999996774e-05
2021-01-20 18:47:00,-0.0009790000000000632,-6.149999999999212e-05,-0.0009790000000000632,-0.0001395000000000146
2021-01-20 18:48:00,,,,
2021-01-20 18:49:00,,,,
2021-01-20 18:50:00,,,,
2021-01-20 18:51:00,,,,
2021-01-20 18:52:00,-0.00011800000000000699,8.799999999997699e-05,-0.00014799999999998148,-7.60000000000205e-05
2021-01-20 18:53:00,3.599999999998049e-05,3.599999999998049e-05,-9.900000000001574e-05,-1.599999999996049e-05
2021-01-20 18:54:00,,,,
2021-01-20 18:55:00,,,,
2021-01-20 18:56:00,,,,
2021-01-20 18:57:00,,,,
2021-01-20 18:58:00,-0.00045450000000002433,2.6999999999999247e-05,-0.00047450000000004433,-5.2000000000052005e-05
2021-01-20 18:59:00,,,,
2021-01-20 19:00:00,0.0005430000000000157,0.0005430000000000157,-2.799999999997249e-05,9.249999999993985e-05
2021-01-20 19:01:00,,,,
2021-01-20 19:02:00,,,,
2021-01-20 19:03:00,,,,
2021-01-20 19:04:00,,,,
2021-01-20 19:05:00,,,,
2021-01-20 19:06:00,,,,
2021-01-20 19:07:00,,,,
2021-01-20 19:08:00,,,,
2021-01-20 19:09:00,,,,
2021-01-20 19:10:00,,,,
2021-01-20 19:11:00,,,,
2021-01-20 19:12:00,,,,
2021-01-20 19:13:00,,,,
2021-01-20 19:14:00,,,,
2021-01-20 19:15:00,,,,
2021-01-20 19:16:00,,,,
2021-01-20 19:17:00,,,,
2021-01-20 19:18:00,,,,
2021-01-20 19:19:00,,,,
2021-01-20 19:20:00,0.00012250000000002537,0.00020600000000003948,-0.0001000000000000445,-0.0001000000000000445
2021-01-20 19:21:00,,,,
2021-01-20 19:22:00,,,,
2021-01-20 19:23:00,,,,
2021-01-20 19:24:00,,,,
2021-01-20 19:25:00,,,,
2021-01-20 19:26:00,7.300000000004525e-05,0.0001934999999999576,3.500000000000725e-05,0.0001914999999999556
2021-01-20 19:27:00,0.0025490000000000235,0.0025490000000000235,5.250000000001087e-05,5.300000000002525e-05
2021-01-20 19:28:00,,,,
2021-01-20 19:29:00,,,,
2021-01-20 19:30:00,,,,
2021-01-20 19:31:00,,,,
2021-01-20 19:32:00,,,,
2021-01-20 19:33:00,,,,
2021-01-20 19:34:00,-0.0010229999999999961,-3.3500000000019625e-05,-0.0010229999999999961,-3.3500000000019625e-05
2021-01-20 19:35:00,,,,
2021-01-20 19:36:00,,,,
2021-01-20 19:37:00,,,,
2021-01-20 19:38:00,,,,
2021-01-20 19:39:00,,,,
2021-01-20 19:40:00,,,,
2021-01-20 19:41:00,,,,
2021-01-20 19:42:00,,,,
2021-01-20 19:43:00,,,,
2021-01-20 19:44:00,6.150000000004763e-05,9.949999999997461e-05,-0.00015799999999999148,-7.299999999998974e-05
2021-01-20 19:45:00,,,,
2021-01-20 19:46:00,,,,
2021-01-20 19:47:00,,,,
2021-01-20 19:48:00,,,,
2021-01-20 19:49:00,0.0010970000000000146,0.0011269999999999891,-0.00010850000000001137,-2.3500000000065135e-05
2021-01-20 19:50:00,,,,
2021-01-20 19:51:00,,,,
2021-01-20 19:52:00,,,,
2021-01-20 19:53:00,-0.0023110000000000075,0.0001815000000000011,-0.0023110000000000075,-5.650000000001487e-05
2021-01-20 19:54:00,,,,
2021-01-20 19:55:00,-0.00031650000000005285,8.549999999996061e-05,-0.00032650000000000734,3.4999999999341114e-06
2021-01-20 19:56:00,,,,
2021-01-20 19:57:00,0.0017984999999999807,0.0017984999999999807,-7.850000000003687e-05,-7.850000000003687e-05
2021-01-20 19:58:00,,,,
2021-01-20 19:59:00,,,,
2021-01-20 20:00:00,,,,
2021-01-20 20:01:00,,,,
2021-01-20 20:02:00,,,,
2021-01-20 20:03:00,,,,
2021-01-20 20:04:00,,,,
2021-01-20 20:05:00,,,,
2021-01-20 20:06:00,0.008081499999999964,0.008081499999999964,-0.0005575000000000441,-0.00010099999999996223
2021-01-20 20:07:00,,,,
2021-01-20 20:08:00,,,,
2021-01-20 20:09:00,,,,
2021-01-20 20:10:00,,,,
2021-01-20 20:11:00,,,,
2021-01-20 20:12:00,,,,
2021-01-20 20:13:00,,,,
2021-01-20 20:14:00,,,,
2021-01-20 20:15:00,,,,
2021-01-20 20:16:00,,,,
2021-01-20 20:17:00,,,,
2021-01-20 20:18:00,,,,
2021-01-20 20:19:00,,,,
2021-01-20 20:20:00,0.00024299999999999322,0.00040799999999996395,-0.00030000000000002247,3.1499999999962114e-05
2021-01-20 20:21:00,0.00021250000000000435,0.0002275000000000471,-0.00011400000000000299,-8.099999999999774e-05
2021-01-20 20:22:00,,,,
2021-01-20 20:23:00,0.000266000000000044,0.0002909999999999857,-6.050000000001887e-05,7.750000000006363e-05
2021-01-20 20:24:00,,,,
2021-01-20 20:25:00,2.6999999999999247e-05,0.00010699999999996823,-6.300000000003525e-05,-6.300000000003525e-05
2021-01-20 20:26:00,,,,
2021-01-20 20:27:00,,,,
2021-01-20 20:28:00,,,,
2021-01-20 20:29:00,,,,
2021-01-20 20:30:00,-0.0024949999999999695,6.999999999979245e-06,-0.0024949999999999695,-7.00000000000145e-05
2021-01-20 20:31:00,,,,
2021-01-20 20:32:00,,,,
2021-01-20 20:33:00,2.4999999999997247e-05,2.4999999999997247e-05,-0.000134000000000023,-1.0000000000010001e-05
2021-01-20 20:34:00,,,,
2021-01-20 20:35:00,,,,
2021-01-20 20:36:00,,,,
2021-01-20 20:37:00,,,,
2021-01-20 20:38:00,,,,
2021-01-20 20:39:00,-6.549999999999612e-05,0.0001295000000000046,-0.00025249999999998884,0.0001295000000000046
2021-01-20 20:40:00,-0.0001554999999999751,0.0006369999999999987,-0.0001554999999999751,2.0999999999937735e-05
2021-01-20 20:41:00,0.0003809999999999647,0.0003809999999999647,2.4000000000024002e-05,5.249999999995536e-05
2021-01-20 20:42:00,-0.001077500000000009,0.0001380000000000825,-0.001077500000000009,7.499999999938112e-06
2021-01-20 20:43:00,1.999999999996449e-05,4.399999999998849e-05,-0.0003070000000000017,-3.0499999999933358e-05
2021-01-20 20:44:00,,,,
2021-01-20 20:45:00,8.000000000008e-06,0.0002794999999999881,-1.7000000000044757e-05,0.00012899999999999023
2021-01-20 20:46:00,,,,
2021-01-20 20:47:00,,,,
2021-01-20 20:48:00,,,,
2021-01-20 20:49:00,,,,
2021-01-20 20:50:00,-0.00047149999999995806,8.049999999998336e-05,-0.00047149999999995806,-6.500000000003725e-05
2021-01-20 20:51:00,,,,
2021-01-20 20:52:00,5.999999999950489e-06,0.00016650000000001386,-0.00011699999999997823,3.199999999997649e-05
2021-01-20 20:53:00,,,,
2021-01-20 20:54:00,8.20000000000265e-05,8.20000000000265e-05,-0.00016050000000000786,-3.5499999999966114e-05
2021-01-20 20:55:00,-3.0499999999933358e-05,0.00029800000000002047,-0.00014299999999994872,-8.950000000002012e-05
2021-01-20 20:56:00,,,,
2021-01-20 20:57:00,0.00010850000000001137,0.00010850000000001137,-6.549999999999612e-05,-2.4999999999997247e-05
2021-01-20 20:58:00,,,,
2021-01-20 20:59:00,,,,
2021-01-20 21:00:00,,,,
2021-01-20 21:01:00,,,,
2021-01-20 21:02:00,,,,
2021-01-20 21:03:00,,,,
2021-01-20 21:04:00,0.00036049999999998583,0.00036049999999998583,-7.299999999998974e-05,2.5499999999956113e-05
2021-01-20 21:05:00,,,,
2021-01-20 21:06:00,,,,
2021-01-20 21:07:00,,,,
2021-01-20 21:08:00,,,,
2021-01-20 21:09:00,,,,
2021-01-20 21:10:00,,,,
2021-01-20 21:11:00,,,,
2021-01-20 21:12:00,,,,
2021-01-20 21:13:00,,,,
2021-01-20 21:14:00,,,,
2021-01-20 21:15:00,,,,
2021-01-20 21:16:00,,,,
2021-01-20 21:17:00,,,,
2021-01-20 21:18:00,0.0002750000000000252,0.0003049999999999997,-0.00011700000000003374,-1.7000000000044757e-05
2021-01-20 21:19:00,0.001363000000000003,0.001363000000000003,-0.00011749999999999261,-3.7500000000023626e-05
2021-01-20 21:20:00,,,,
2021-01-20 21:21:00,,,,
2021-01-20 21:22:00,,,,
2021-01-20 21:23:00,,,,
2021-01-20 21:24:00,,,,
2021-01-20 21:25:00,,,,
2021-01-20 21:26:00,,,,
2021-01-20 21:27:00,,,,
2021-01-20 21:28:00,-0.00018650000000003386,0.00024250000000003435,-0.00019400000000002748,9.049999999999336e-05
2021-01-20 21:29:00,8.40000000000285e-05,8.40000000000285e-05,-5.999999999950489e-06,-5.999999999950489e-06
2021-01-20 21:30:00,,,,
2021-01-20 21:31:00,,,,
2021-01-20 21:32:00,,,,
2021-01-20 21:33:00,,,,
2021-01-20 21:34:00,,,,
2021-01-20 21:35:00,,,,
2021-01-20 21:36:00,,,,
2021-01-20 21:37:00,,,,
2021-01-20 21:38:00,,,,
2021-01-20 21:39:00,,,,
2021-01-20 21:40:00,,,,
2021-01-20 21:41:00,,,,
2021-01-20 21:42:00,,,,
2021-01-20 21:43:00,,,,
2021-01-20 21:44:00,,,,
2021-01-20 21:45:00,,,,
2021-01-20 21:46:00,,,,
2021-01-20 21:47:00,,,,
2021-01-20 21:48:00,,,,
2021-01-20 21:49:00,,,,
2021-01-20 21:50:00,,,,
2021-01-20 21:51:00,,,,
2021-01-20 21:52:00,,,,
2021-01-20 21:53:00,,,,
2021-01-20 21:54:00,,,,
2021-01-20 21:55:00,,,,
2021-01-20 21:56:00,,,,
2021-01-20 21:57:00,,,,
2021-01-20 21:58:00,,,,
2021-01-20 21:59:00,,,,
2021-01-20 22:00:00,,,,
2021-01-20 22:01:00,-4.850000000000687e-05,0.00011099999999997223,-4.850000000000687e-05,-3.649999999999487e-05
2021-01-20 22:02:00,-0.001451499999999939,9.599999999998499e-05,-0.001451499999999939,1.6999999999989246e-05
2021-01-20 22:03:00,,,,
2021-01-20 22:04:00,,,,
2021-01-20 22:05:00,,,,
2021-01-20 22:06:00,,,,
2021-01-20 22:07:00,,,,
2021-01-20 22:08:00,,,,
2021-01-20 22:09:00,,,,
2021-01-20 22:10:00,,,,
2021-01-20 22:11:00,,,,
2021-01-20 22:12:00,,,,
2021-01-20 22:13:00,,,,
2021-01-20 22:14:00,-0.00032850000000006485,3.6999999999953737e-05,-0.00032850000000006485,-1.4999999999876223e-06
2021-01-20 22:15:00,,,,
2021-01-20 22:16:00,0.00023849999999997484,0.00024849999999998484,-3.3500000000019625e-05,1.4499999999972868e-05
2021-01-20 22:17:00,,,,
2021-01-20 22:18:00,-4.049999999999887e-05,3.2000000000032e-05,-4.399999999998849e-05,-3.0999999999947736e-05
2021-01-20 22:19:00,,,,
2021-01-20 22:20:00,,,,
2021-01-20 22:21:00,,,,
2021-01-20 22:22:00,,,,
2021-01-20 22:23:00,,,,
2021-01-20 22:24:00,-0.0001974999999999616,9.300000000000974e-05,-0.0001974999999999616,3.050000000004438e-05
2021-01-20 22:25:00,,,,
2021-01-20 22:26:00,,,,
2021-01-20 22:27:00,,,,
2021-01-20 22:28:00,,,,
2021-01-20 22:29:00,,,,
2021-01-20 22:30:00,,,,
2021-01-20 22:31:00,,,,
2021-01-20 22:32:00,-9.350000000002412e-05,0.0002334999999999976,-0.00015999999999999348,-0.00010549999999998061
2021-01-20 22:33:00,0.00024450000000003635,0.00024450000000003635,2.049999999997887e-05,5.5499999999986116e-05
2021-01-20 22:34:00,,,,
2021-01-20 22:35:00,,,,
2021-01-20 22:36:00,,,,
2021-01-20 22:37:00,,,,
2021-01-20 22:38:00,,,,
2021-01-20 22:39:00,,,,
2021-01-20 22:40:00,,,,
2021-01-20 22:41:00,,,,
2021-01-20 22:42:00,,,,
2021-01-20 22:43:00,,,,
2021-01-20 22:44:00,,,,
2021-01-20 22:45:00,,,,
2021-01-20 22:46:00,,,,
2021-01-20 22:47:00,,,,
2021-01-20 22:48:00,,,,
2021-01-20 22:49:00,,,,
2021-01-20 22:50:00,,,,
2021-01-20 22:51:00,,,,
2021-01-20 22:52:00,0.00029400000000001647,0.00029400000000001647,-0.0001495000000000246,-1.4499999999972868e-05
2021-01-20 22:53:00,-1.4499999999972868e-05,0.00016199999999999548,-1.4499999999972868e-05,0.00010650000000000936
2021-01-20 22:54:00,0.000164000000000053,0.0002609999999999557,-0.00012299999999998423,0.00026049999999999685
2021-01-20 22:55:00,4.599999999999049e-05,0.00013399999999996748,-0.00011350000000004412,-5.000000000032756e-06
2021-01-20 22:56:00,0.0004449999999999732,0.0004449999999999732,4.1499999999972115e-05,4.1499999999972115e-05
2021-01-20 22:57:00,,,,
2021-01-20 22:58:00,-0.0011884999999999257,0.00011799999999995148,-0.0011884999999999257,1.799999999996249e-05
2021-01-20 22:59:00,,,,
2021-01-20 23:00:00,0.00035799999999996945,0.00035799999999996945,-5.850000000001687e-05,2.249999999998087e-05
2021-01-20 23:01:00,,,,
2021-01-20 23:02:00,-0.0007025000000000503,1.5499999999946112e-05,-0.0007025000000000503,1.4999999999876223e-06
2021-01-20 23:03:00,,,,
2021-01-20 23:04:00,-0.0012334999999999985,3.2000000000032e-05,-0.0012334999999999985,3.2000000000032e-05
2021-01-20 23:05:00,0.0005479999999999929,0.0005830000000000002,-2.249999999998087e-05,1.4999999999876223e-06
2021-01-20 23:06:00,,,,
2021-01-20 23:07:00,,,,
2021-01-20 23:08:00,,,,
2021-01-20 23:09:00,,,,
2021-01-20 23:10:00,-0.0018285000000000107,1.3499999999999623e-05,-0.0018285000000000107,1.0499999999968868e-05
2021-01-20 23:11:00,,,,
2021-01-20 23:12:00,,,,
2021-01-20 23:13:00,,,,
2021-01-20 23:14:00,,,,
2021-01-20 23:15:00,,,,
2021-01-20 23:16:00,,,,
2021-01-20 23:17:00,,,,
2021-01-20 23:18:00,4.999999999999449e-05,4.999999999999449e-05,-9.350000000002412e-05,-4.500000000001725e-05
2021-01-20 23:19:00,,,,
2021-01-20 23:20:00,,,,
2021-01-20 23:21:00,3.5500000000021625e-05,3.849999999999687e-05,-2.4999999999997247e-05,3.849999999999687e-05
2021-01-20 23:22:00,,,,
2021-01-20 23:23:00,,,,
2021-01-20 23:24:00,,,,
2021-01-20 23:25:00,,,,
2021-01-20 23:26:00,,,,
2021-01-20 23:27:00,,,,
2021-01-20 23:28:00,,,,
2021-01-20 23:29:00,,,,
2021-01-20 23:30:00,,,,
2021-01-20 23:31:00,,,,
2021-01-20 23:32:00,,,,
2021-01-20 23:33:00,,,,
2021-01-20 23:34:00,,,,
2021-01-20 23:35:00,,,,
2021-01-20 23:36:00,,,,
2021-01-20 23:37:00,-0.0008719999999999839,4.799999999999249e-05,-0.0008719999999999839,4.799999999999249e-05
2021-01-20 23:38:00,,,,
2021-01-20 23:39:00,,,,
2021-01-20 23:40:00,,,,
2021-01-20 23:41:00,,,,
2021-01-20 23:42:00,-0.00018699999999993722,0.00020799999999998597,-0.00018699999999993722,4.999999999999449e-05
2021-01-20 23:43:00,,,,
2021-01-20 23:44:00,,,,
2021-01-20 23:45:00,0.00026250000000005436,0.00026250000000005436,-0.0002155000000000351,-9.499999999995623e-06
2021-01-20 23:46:00,-0.00032450000000000534,0.00013449999999998186,-0.00032450000000000534,1.4999999999876223e-06
2021-01-20 23:47:00,-0.0003834999999999811,0.00012149999999999661,-0.00039850000000002384,0.00012149999999999661
